User,Password,Rol
csnassell0,tW2_Gd&pA,Admin
mfortnon1,"zL6=rcXE!wb~""",Employee
bgierth2,"dQ4"",p/zWN<?,Wz",Employee
abeining3,fR7!0x/Kz,Admin
vdominique4,wZ0#Q#J9)@`4l@l|,Admin
bubee5,"pW8}O>y~=gF,3Bo",Client
bcockburn6,"qQ3""5#EjS=,cmpeo",Admin
cworld7,nI6#We@(86`@~e{,Admin
ggoodyear8,fG1!Ny5WhmE,Client
lpanting9,jG0>k(>2B,Client
lschrirena,lZ0?vhQ1Pu$@!?,Employee
wyeellb,mP9~K=M2,Employee
ssalandinoc,gQ8!f%GS%0x,Employee
rbuzind,rE0$vx#N`,Client
agilluleye,mC1+N07X=7%,Employee
srouzetf,"tO1$<7Rs!yo,",Admin
kfreeberneg,"kQ2$A,0L",Admin
ysullyh,"eB5{,YUvJ",Employee
lmacqueeni,yX2)7QHd,Client
shallowayj,cZ4_bq8M1O2(d7HX,Employee
nbernaldezk,nF1.ApZqn=~9.v8\,Admin
dleverl,"cW2""$+RK5@J<AjI'",Admin
ksiggerym,pC2.!O~X$(5,Employee
chuckerbyn,"fX5_\\""s}|6",Employee
mhanhardo,lF3#lS&Wx4h,Employee
jjacquemyp,nA6($Fk/7fjr@?,Admin
krudyardq,"qC2=C5Wp~""Jn`U",Employee
csunshiner,"fK1|L,4G>Nt",Employee
msimionescus,gX6!rq%sT/x7,Admin
wlipscombt,"sK8,vAb&",Admin
aheinrichu,"aU6""""_pxb8",Client
abutsonv,gY2\w>%1SdKz98L,Client
efeatherstonehaughw,"dR2""mPFxxb",Admin
ngreevex,rD3~ca>#UA,Admin
mducey,iO5'Ns{Rs`Ge<,Admin
jmargeryz,pF7~%hWm1Z@#,Admin
mkenchington10,mQ2<X20W5V2,Employee
bkendell11,rK6~f_<y2M}5Z%F,Employee
aogborn12,pA2={lJyU.(/Nf,Admin
bcalleja13,kI4=w=*0c,Admin
eheustice14,"bF9$l"".bfzeQY",Client
dbolzen15,oZ4$Kx}y*!,Client
erenachowski16,"jS1_|a,$",Employee
ekurtis17,eF0)kUPv?>~%XoB,Client
cironside18,"iV6,+d,y~49+",Admin
iharnell19,"nD6`U),btIr",Admin
mjanek1a,jM1\ph`I&&,Admin
rbartolomeotti1b,kP9)7#FiNKh<}{tl,Admin
chazell1c,qE0?J~M?rgZP,Client
amcilhagga1d,hM9{Jlbs,Client
rhawker1e,qN7{upT5AH+J$O,Admin
sfranzetti1f,vB7`{=Dp,Admin
rthomasson1g,cS5@P'L?<W4,Admin
rmarjanovic1h,"zA4@ec.IHB""5",Employee
jmaginn1i,"kO4""dzfGE,",Client
tbendin1j,fT3<8O.zakqR*,Client
ghefforde1k,"zX2(v8u,",Client
rnewing1l,kY6_2@HM4are)v)n,Employee
svanniekerk1m,hL9&_$cFKKXl%n#,Employee
cskehens1n,pQ5(o~vCHcGB,Client
cstubbings1o,"dA5""y3m(brIKjc)*",Admin
dsaggers1p,cK3>PXIOrCm!,Employee
tattersoll1q,rJ6&=P?9k#an&r%@,Admin
rhendricks1r,aB0$5J%_,Client
cpurrington1s,uB7(uHo{2l,Employee
oemanueli1t,vP7#1htqu1,Admin
groark1u,qL2?q0|TLiMH{,Admin
fsexty1v,iD6$4vxaPHD,Employee
mpennacci1w,oW5{u&qB$&2qR,Admin
cdettmar1x,lI5#\3Z*t=B,Admin
nsteketee1y,gV2}lt~y,Admin
tzoppie1z,qL3%ytDV,Employee
zraw20,"iN4'9,H1!o",Employee
fhordell21,lC6@{{?H,Admin
bbeelby22,qC0*x2)9BL6,Client
tmcffaden23,"fG0(G#SEa,cqy1",Employee
wchipchase24,sA3<sKDpv2Bl#h(,Client
mmonshall25,"aG9(|lY6vpF8,.W",Client
avolonte26,nB9'KvD#$iR,Employee
jigonet27,bD4#Z92Wrcr),Employee
browett28,dD4>`ljR(5dnzs@F,Admin
mshildrake29,eW2@.(1t,Client
jeagland2a,"lF1,W?p04|OQe",Admin
agadesby2b,bQ2~Q9?6YN6tSS,Client
mculter2c,sB5@Agqlxj,Client
cfitzalan2d,aI8=!\ifpx/?,Client
awitheridge2e,cI1?SzNZ7,Admin
jkrysztofiak2f,fO5*9jv4wBSqUZe,Client
ecars2g,"mZ4,hO$b>s$",Admin
chovenden2h,eZ7*qy<vpXU,Admin
hsiene2i,dI8(A))t,Employee
amattiazzo2j,"tM7_iZ|""BdP*jj~1",Admin
rlandeaux2k,cR6!>'y7FK>fOfs,Client
dfazzioli2l,fQ1)(%OvhKpWJ5M_,Employee
tsutcliffe2m,cZ5#y}CI4c5E,Client
ascarlett2n,sE2>A7AC|#a'fK?j,Client
gochterlony2o,oN6#|bgn$yK,Admin
jcucinotta2p,nX8_|X&2JjnD|,Admin
njeff2q,uW3&qceC.,Admin
swhatson2r,yN1>$K?8q},Employee
plangrish2s,"zB6$=ClG8Ow2M`@,",Client
sagnew2t,zK4<XmCSFfe|6,Client
saishford2u,kY1)Y(@%tlb$4`1G,Employee
bpietruschka2v,"yK7""W\a""vZ",Employee
ldoylend2w,eG3(mkT#,Admin
binker2x,pT7#vlQCK+Jw_T,Admin
kbunworth2y,xD3&=PybMzJJ9.,Admin
gholyland2z,mP5*fj/Z9&??,Client
kdebroke30,"wB1""rdcSFpfH",Admin
elyptrit31,bK0@wC~I<mx},Admin
cantliff32,iP5\_|~jC$h,Employee
vamsberger33,nN5*9D73t`8xbOz,Employee
adepero34,bG3$?F|2Io,Client
tmandre35,rX0_9x7~dZXf'nZ,Admin
sjolliffe36,"fZ2,""u%Oki>E073P",Employee
jsighard37,dK5+mB)'`|=UC,Admin
cmaty38,rQ2\'XG?RmLGW,Employee
hcradock39,kZ5&GnGaS'bmgz',Client
mdelahay3a,hS8(pAqwN,Employee
jjosilevich3b,mJ1?zeLP5,Admin
bmccarry3c,iE3#k@aD,Admin
tramel3d,iF3$t%~'B('T#),Employee
ogrebbin3e,tG5+I}D6S,Client
denefer3f,zX7|Vq6{R,Admin
agodsafe3g,mG3|&Mt4`m\i0E2,Client
jrizzardini3h,lU7(.m{r4=o/,Client
ckinningley3i,dF0{2GE~N'},Client
kcreek3j,kB4\sU|L_qpCgJ,Employee
mforshaw3k,wF3!HO#tI*M<JVz,Admin
apierucci3l,kI3\t/4Jz%/|,Admin
ecaldecutt3m,pK2|xR!vi.y,Admin
vpaynter3n,lQ4/d~MOf$WD,Employee
cprestedge3o,sJ2>S$)$hd\y,Client
obembrigg3p,dF3.z\fe,Admin
fchatan3q,uQ5#hBU9jY#c,Client
athaxton3r,iL1\5rZ8SC/ZU,Employee
chunston3s,gF0<ypWxQ,Admin
bsickert3t,yW3{Kqgd,Employee
cmorson3u,xO8_YC4r**,Client
vneedham3v,wM8|}LR|BE6a3n,Client
pdragoe3w,jK2?IXk.S4,Admin
ddufer3x,sF6*8M{q6~jgM(<#,Admin
dbunstone3y,sR8?xC%~My,Client
kshorton3z,cM6/Xafq{7S#2{,Client
mburnsall40,mV7`qD3%,Employee
sjowitt41,xZ8&|CGB(~HB&3Y,Employee
mmaccolgan42,aY0@_xF9Yb&1kG2,Employee
emullany43,cJ8`\BLR2/GV,Employee
rchampion44,bU2?tm7\i{)&vE+,Employee
jmingardi45,nH6*VlOKM$,Admin
kdeathe46,cQ5?eSNAe@,Client
gmalloy47,"gX5#Q""lgGaJry8.",Admin
rsoldner48,"cO7""4h6Db2",Employee
ahastler49,xL9'QP#bTj.{r,Client
hmoyce4a,gE0!7nwJ){,Employee
crestieaux4b,sA3(>#9g`2VdwE%Z,Client
cshoveller4c,rX8/cpE=,Client
bstripling4d,xR7<5gbF#S3f'E.,Admin
aschelle4e,rK7_$)UwDK20~i*u,Employee
vbeed4f,oT3`D'&M78(63D|Y,Admin
amordue4g,"fD9?&C)2SB?qd""",Employee
cjeakins4h,fP0)Py~Rw.mQM,Client
hdjordjevic4i,zG1%q~w)S4b\q8#J,Admin
fgoldston4j,hY7%G+ons,Admin
swelldrake4k,dN7.lpEqK_Cd8NQB,Employee
equiney4l,tJ6*zl(D%4!Q,Client
dcroce4m,iL4!v4mBn,Client
jdillway4n,"qH0""=<XOyo+",Employee
aarnely4o,"mA2,\tI6k.>e",Admin
ksabbins4p,gX6/$Sc&WJQ@M3+,Client
lbethune4q,kH1\@z.G=X$,Admin
gdownie4r,iD1?AywaNea,Client
aolenichev4s,nQ3/ia}mq,Admin
cgirk4t,nA8|Q=xD/?\$,Admin
hbodd4u,lN3$0`hW0%UZwO%d,Employee
emcaleese4v,"nK9@""swIF",Client
lgarrie4w,vX9?.mI%_'$,Employee
btrinke4x,uV1%A77/F/j'j/G,Employee
ebreukelman4y,vN3(kFFHkj,Admin
hrodda4z,zL7+2KPC_LFsm58,Admin
enewsome50,wU6!$d@$K'Is>!,Employee
bmckeveney51,vQ4}jk`BQ,Client
vyallop52,nP2#?'Jv4QIbGsa|,Employee
mguile53,nB2~stQ2#M)hawK,Client
ggoutcher54,gZ9`ok}s3w{<4,Admin
npaur55,"sQ4""lP++G*`2y>?L",Client
amccabe56,eH0\`v7'aDsm0,Admin
jizachik57,"aC9(,mkzA",Client
aranscombe58,aG5>o~'I/gbz,Client
bfarquharson59,"uP4""u}O{_<C{G3%`",Admin
echarlet5a,jR0_3p2{V8cBPl,Admin
dbrayford5b,"nR2,*Peq",Admin
hdoyle5c,rJ3#vcz`aR,Client
lpester5d,jX6<j6U?k{PSQ,Employee
slink5e,wB9@52/{yx,Client
egiraudel5f,lU3\T#tMK|JX.xW,Admin
rfutty5g,pF2!Xff?@S5e4',Client
lrandalson5h,"sX2),f%97>",Client
ckilliner5i,"qQ1_""U$gPVQB{'VC",Client
tbilbee5j,aU5(H$V}8K,Admin
velflain5k,vZ4>\dW3((q,Client
hteideman5l,"lA9""7!'a+Lylr/",Employee
mlucchi5m,hA1+5j&C8!J&.0.a,Employee
skenwin5n,nG0\%|/?q0AX`g\U,Admin
bodam5o,uN3/x84J$,Employee
ttrimnell5p,zB7(+<zc<,Employee
ksmallwood5q,xZ4_z_Dg,Client
strunby5r,dJ7<l{NZw%uTNy&,Admin
azorzutti5s,lA8(?.OoPm,Client
sgunney5t,bP8?4db%WK,Admin
epavlik5u,sR2_niPxt0NL,Client
wmitrovic5v,aK2~{at},Employee
cmacilriach5w,xX7'(Q8sUl9XQ,Employee
mmaccart5x,vZ6%&OZks/pfY,Admin
bblaxton5y,cK2{IvN+dc,Employee
sgenty5z,kD0@8j_>rbRS,Employee
rodell60,"tP7}`\,0GM9>",Client
dbubear61,iA3\ye3%g,Employee
splane62,iT0$Y4R@sx,Employee
dredwin63,cU3.5\O/K*sKqB,Client
cswyre64,mW6=H2<Fi,Client
rsmy65,xR3\K6JFN9demVm,Admin
gbatter66,"kP5,>26/D,XbEOD",Employee
mtyndall67,pI5*F_?D%sj{)sx2,Employee
wstrettell68,"cK0$Y,z3",Admin
cinstrell69,uJ9*#~|_IZ7@#,Client
dedon6a,oP0{'%Tg4,Employee
bannets6b,uO2?lSG%ZZ&x~p,Employee
lthorne6c,zK5&EaD~m5,Client
gcard6d,tN9'P?*/j),Client
calejandri6e,dW8}m~{$A9bX2>?D,Client
memm6f,vO1>94B!X{R,Client
kjuliano6g,"gF2""bIZpBgSep",Admin
hredihalgh6h,oB7*`42!z,Admin
amasseo6i,hV1&4IbQ>jd0'v,Client
rsworne6j,bS0<\_GlS{,Client
ssaffin6k,xW4~kU2<PO5,Admin
lchelsom6l,vX7(DtF?P~OIb,Client
bflook6m,"xF1*&""t/boqRb<",Admin
eyashanov6n,"iH9=,(ZoFex",Admin
scafferky6o,qH7%0b=0,Client
sjecks6p,wV8@g1*k0>,Employee
ctraite6q,oK6#lpXf4#R1hT`W,Client
lkarolczyk6r,iS0=6%E2){H,Client
lpettiford6s,rJ3#E<zd},Admin
bhugill6t,oW7+mY_#>N9M7#,Admin
lcreavan6u,oU0\zDZp>+{dgC{,Employee
rleabeater6v,"kS8?aAP1!8.""",Client
tbringloe6w,oO0/nT+OGbfy_,Employee
lupham6x,qY2~$/oyi3,Employee
cattreed6y,aH8?Ft`Q,Client
zespy6z,bM4#$E!8\PH*#PaK,Admin
kfaint70,kA9(z$`FFCGp8l,Admin
rlittledike71,lJ5+daD%,Admin
gbackshaw72,jY8<krb`6mM,Admin
jfeeney73,oQ8#g3+iYJb18P,Client
afrostdick74,"cJ5,44cU",Admin
yoheyne75,kO8''3k`&S2\V8k,Admin
kemblen76,vA4}Bi6YPeq,Client
aseedman77,"jS8.X."".df",Admin
cnicholson78,"tN5=!fl""Ml",Admin
bwoodyear79,eM7{eN?W71,Admin
oshorie7a,iP0)b*Za=,Client
dcursons7b,xJ1/qF9jq<Z=,Client
ndesaur7c,"qL9""\jcYPE,`A",Admin
dcraske7d,mA9>4+XY{,Client
jskeermor7e,uQ8_h&#&J},Admin
nsouthworth7f,"rI0{&t""C!,<#5>fG",Admin
tkidstone7g,nZ4+C|yA#ua,Admin
sstogill7h,uO7_%xU%')yx+,Admin
snazaret7i,oV0|Yz&A'Z7,Client
ftravis7j,hQ1+YICA=H3hpoB,Employee
mpyrah7k,zP9~+#h1dCFt!un>,Admin
elacoste7l,"dA0*kKnGFfF""h1~B",Client
tringwood7m,"eO6>""C{xYxg+U'z",Employee
mnobbs7n,dM4|E(0or|A%L,Client
smcclaughlin7o,zT3$_NN`zm2xQC?,Employee
ssenter7p,"eT5>}'y,5uI{",Client
lloftus7q,eJ4)N.*+*unyZ#,Admin
kmckie7r,vX3<PgNyb,Client
mcooper7s,mM9@Z)NxdL/L6lT@,Client
gmacauley7t,rL7!T0M5.G*,Admin
eadcock7u,nW6=OjXZagXs+,Client
ssummerill7v,uK5?{1Mz6+,Client
acowden7w,"eB6,gP&rS\,",Admin
xpletts7x,"jU4?~ocd"".IKtZ&",Admin
areadwood7y,hR3.I7AEN@5YF,Employee
dwelberry7z,"gO1""Hb_N5J""eI>.f",Employee
gwhitcombe80,oW6%iF5R,Employee
dmaudling81,eJ0!%s=v}I<`q'K,Employee
lraisher82,kG6>T890K,Admin
afeehily83,oD0}2>+01I'Ksw~,Admin
kjablonski84,zZ2\oYA_!lW,Client
shaggard85,"oR7'CN""/",Employee
bhaglinton86,aB5&3TOS,Employee
cportsmouth87,hW9#FKWvH3e\,Client
jcaras88,"tJ2""Rh@B_i8}tL!K",Employee
bspenton89,lB7<.P?b{5sl,Admin
lblower8a,oP1.{mSU#iv`,Employee
ydimsdale8b,"nV7&y%w(A|I""|91",Client
zmoyne8c,qH7!MaNhI,Employee
mtoyer8d,zO5\UAAiUZ.?uH_,Client
tdugald8e,hB0'|nQCJz?Bv.c,Client
dchannon8f,fJ5|tagg,Admin
enijs8g,lP4_h}?#q(,Employee
sdiggens8h,wZ2|V2qTyDOU,Client
awatmough8i,"yQ3%_,y@",Employee
kgunda8j,bT1!cc5A,Admin
pliggons8k,mM6>2MgBi,Client
eairdrie8l,"hC1&GTT2}Gm""SNZ8",Employee
istokoe8m,kO7+y}3q,Employee
fcoram8n,gI1=KKTTL,Admin
adantuoni8o,"mA6""9tj8=",Admin
hringer8p,fU8?nf.vU,Client
cdrover8q,fZ0)|oS~n,Employee
cmacvey8r,"gT3,,'3F,V",Employee
awogden8s,hH4!qj.NCzT,Admin
rnerheny8t,eQ5`'z$di82@chCp,Employee
asesons8u,"nE7_d,yo",Client
dsaunter8v,eH6(jg|kIZ$=J2,Client
cveasey8w,aG3?N.dtZH5j,Admin
tchase8x,qC5!<iquK,Client
lvale8y,sX2&{w3~+T5$Cc?u,Admin
mcrangle8z,"nR9?mrP\i%Qy+""|O",Admin
tbrian90,tM2=L3ort,Admin
hmurrum91,xD1{=/pT*@71,Client
okleeman92,"yV1,(RrhA",Client
cwithringten93,wZ3%=Mb'2&?E0x,Admin
kcruft94,cE5(Y!B>GMMH(6*,Employee
fskipsey95,eB0#u`3VS,Admin
louldcott96,jO0$9JI2E6rqQI>,Employee
bsprigin97,sK6#S9$neEk,Employee
jind98,mP4|\r(G/jMc#,Employee
stiddeman99,nX5{ITN_EB}c%6r,Employee
amollison9a,nW4=CZ|U'u*Y`e,Admin
vdower9b,lE7{mT9wB7_i,Admin
pcolbeck9c,lG8=xx7@f@YU,Client
kcrisp9d,pC2.!fW6emKU>?Ey,Admin
dspritt9e,xI6@nCjsC&,Admin
gromero9f,mC7@QtMUl)+6zOH,Client
nrouth9g,nO2_5Bq2eU,Admin
kmattussevich9h,nY6(C$M<5{,Admin
cskough9i,"dY5$#V""uqaqZ=G1'",Client
dmckellen9j,pK6&uuf5C&$v5,Admin
dreschke9k,xY8#l!6r#,Admin
rmasterson9l,bY1%?qYke8,Employee
mpetrol9m,sK5!\?W|R<S~Ibn|,Client
acadell9n,"bZ3""xv""z",Client
ahollyard9o,zL4'cYV%W'gQ,Admin
tbrownsword9p,gB2'x4u!'9,Client
nmacdonogh9q,vJ4.'Lj_s.qAd,Employee
shawtrey9r,"eD4(K18*""#a1!Ry",Employee
lbearfoot9s,"oY2,sS3<O8A>Tox",Client
kgeorgeot9t,vH2<2>ozrSSO~,Employee
rsmittoune9u,"uF3,+sl15~TT",Employee
ptough9v,xZ2=jZL}q8I,Admin
wlockier9w,iS8}uH@4m#z,Admin
vlowers9x,"wD3_C,.2'=Hx}6}",Employee
jklejna9y,eK8(&E}bc,Admin
asallenger9z,"oD6""deM_%,@?",Employee
gbackhursta0,kM8?Fk}qr,Admin
gcaytona1,"wO0<#lg$=|D,",Admin
ashamaa2,aK8+Di(utN*X,Employee
dhundleya3,"oW9}{o#r`""vy(Y_h",Client
dwoffindena4,bW2.18IV7c*Ry9H,Employee
bfooksa5,sS7\VG#Pqu5h(y{e,Employee
ethomanna6,nU5%<sD$N{5_}MN0,Employee
lmurcha7,sK9*e@DD*4qWmDV,Employee
jhixsona8,"nS0*<uKX,iIgv",Employee
gbosherea9,"dQ8.m9&HXAUcfOG,",Client
bcrannellaa,gE5*_#b*!,Employee
fflohardab,jB6@Kegl5Whfy,Client
gheadonac,"fY7""1RqnKK9",Client
rhassonad,xP9%!\no6,Client
plynnittae,tS4@UBtqH,Admin
nyakutinaf,jN8#okV7tFmO>4f,Client
fpedroliag,qP3|%N1P6vx/B9,Client
adoneldah,kS2<yK.*5#|,Admin
lwavellai,bY6(8WBi%05'm,Client
ohenmarshaj,oM3&j#`Ivl\,Employee
sstandellak,aV5.mUW/,Client
vpoundsal,bJ6`i$0Z,Employee
ihaggerwoodam,pK8/6J~G}&!|3<),Admin
dcolbertan,"yY0,GJja4",Client
cjessonao,lC0!$w(dX/w_,Admin
droubayap,"gL0""oOL""""{>G",Client
hdelphaq,uA1&aJaLc,Employee
kduttonar,wK4&vCZC_<0=F&0,Employee
smeritas,"wB3.`\o"".",Client
dchillesat,gH3%(ld8T3ag,Employee
jmaricau,cX9+xni'LjWx,Employee
tgothrupav,"qA8=c(`VDj7k""Z~p",Admin
dfishbourneaw,"eZ3)9#,2",Admin
vbenningerax,jT4!Xj9w(IpPP,Admin
icubinay,cA8<)Gvf,Admin
menglishaz,"sH1@b*""Ll'w",Client
mlyeb0,rM9|F78Daw,Admin
cfoxleyb1,fI7+ht6H@E,Employee
kmarkingb2,gY8<yQkpU2,Employee
fstainesb3,"oS4,qA2hF1u4ux",Admin
mitzchakyb4,nJ0_EblVLFV,Employee
gviggersb5,oK3.$f6}~tVF,Client
rmeadowcraftb6,tU8@CzDDU,Admin
tofallowneb7,"yX1#""a{~#OHQJ",Employee
ncastanagab8,fF8*&`T0,Employee
wleamonb9,lL7}~}&<,Employee
neldenba,oH7$/vEMI&GA|G,Admin
rburnyeatbb,eX2!t3eW2jBm~%$b,Admin
gaddybc,vI6}h\i8zU}6,Employee
sheadeybd,yS3}@VW=n,Admin
gcaddiebe,"aA3{,&W'",Client
anisuisbf,"sN9""/S$idh",Client
adennidgebg,hV9||$=&i5sIPgpg,Admin
dcoperbh,tE8}!QXO%Oj&_,Employee
bhowittbi,iU5&i/O&gHu,Employee
lrosenblattbj,yX4>R=sb55,Admin
wnellbk,mO4!$%5Brb.K,Admin
ctheoboldbl,iL3~KhmI#p3lOzNu,Client
eakermanbm,"mK8,cs&A.xED",Employee
swaterlandbn,"iU0""_,?jBDgGuHR",Employee
gdodgshunbo,vP4.k>\Gskgu,Admin
mstanlackbp,yA4+`f(jqGF,Admin
klittleproudbq,dV0_CWv&JI*,Employee
gwestermanbr,"pT3""EsG\je2X_l`",Admin
rlampertibs,iF5>3`!8,Employee
sfortunbt,"xE7?>@""#}@T|",Admin
lroachebu,rA6?Nh{xgF@gVcPc,Employee
ovasilyonokbv,"jG6%8'J.1)CrD#,",Client
bclaybw,pV8*=0d>jk,Admin
sposnerbx,"jF2!)&S!@o1,",Employee
cpentycostby,aE2)zxd_U'\zl,Employee
dcullenbz,rQ1}a{rU,Admin
conearyc0,qI8)wOYQNT,Admin
hpigdenc1,eF0*ajQ!?I!H=Xq,Employee
zfippc2,"nU6`xzfb""",Admin
mhefferc3,sZ9{Oo$s,Employee
mpahlerc4,aC2<<aIXU,Employee
echickenc5,tC8=qN/vJq)q,Admin
cfloydec6,cV8*jTyk{o?/2,Client
cdebischofc7,rI2\0Eca|,Admin
jkildalec8,qP4|L))F9,Employee
ifabric9,lL5>LDxzr#,Employee
sganleyca,mC3#Wv'v,Client
aschofflercb,"vE7.<{,PJPw6_{'",Client
wdonicc,oM7?4yz*J,Admin
hstormouthcd,fU3$GW0HaH+,Employee
hguppyce,wM3~Re<D~t,Employee
kblakelycf,gQ9)h?c7Ms@>A?,Client
mellicombecg,fJ6|OBe2Q*Vg?IZ,Client
jkeelingech,mD0%&@6?g<,Employee
lcornauci,oI1+*Jc1I4i,Admin
bcarnduffcj,eK6.|5jF,Client
ngreydonck,yB1.s)aaf,Client
ltittletrosscl,"uO1_VR71u,8`12X{",Client
hrivalantcm,iY0'ru42g9`v5b,Admin
dbristoncn,mW2$&mB?zi!3n9,Client
cliddenco,zD7*m`d43_9,Employee
emachostiecp,tI2'0%>UYv*9,Client
ggillettcq,"uT6,g?Qx\ZM6",Employee
ccolombcr,cL0+)?g2#9jP,Admin
mwatchorncs,rK5$wIO'+MDfH9s\,Client
patwaterct,rH3@==8eZt,Client
ffussencu,vH1=MqGg,Employee
bcollistercv,fE7}WF/=u,Employee
atunecw,zB9)uJ6i},Client
bsalisburycx,jB1$'npEe3X8_),Employee
dbushrodcy,wF4#M.e'I41EYy,Admin
kfrancklyncz,"yN2>O""i/L?etc",Admin
rmcnuttd0,tS6?1o?}BJ*DW,Employee
hfoxleyd1,sP2&pwfs_eFG},Client
finded2,iN4$D<>EtaI\}.gt,Admin
mmawfordd3,aK0~59uc$8x,Client
epashd4,jV1~?<KzXyL,Employee
dbrazurd5,lN6<Hy8G3u,Client
rcharkerd6,"aD7""@KwaZwU",Client
bbradforthd7,"kZ6%P3ru!3""h",Client
mmarond8,"hY1""vK4`8R3>,G",Admin
wotteridged9,jP9}~LM<KR|,Employee
mdurrantda,sB3_ODG%@L,Admin
ymulqueendb,zY0?7GB5<I'uA*S,Client
bbarehamdc,"yV3$xmeVD~""'#V2",Admin
kdeppendd,wC4|/$3&u=E,Admin
rbreitlerde,mX3<vF`nHqx52h*},Admin
hcluniedf,"uD5,W3muMHo_'NF",Client
vderoosdg,mX5|>m6Zawh.SmN7,Employee
sstandleydh,xW6@'?q61NN=,Employee
lgeibeldi,aO1%@Y_?bYsLs?O5,Client
cdenselldj,vL5?_?sk,Employee
keppersondk,"uT0?p""jj",Employee
mivimydl,"qK4""tx|.<",Employee
adyballdm,qW2+gl_XH\,Admin
kmowsdaledn,"nK2>?""Rps2qa&In",Client
kharrissdo,uF1*VO@dkj~,Client
bduplockdp,"rX0""\xj,#YndgOQ",Employee
ddoctordq,cJ6><I{64dinyzne,Admin
etowedr,nN3.'`$#*y0Fyv,Admin
mdrummondds,yG0&@<o=p,Admin
sbamboroughdt,qG6+#xkr,Client
wmatteinidu,gN6#Z`)`mC'*1vs,Admin
gmeaseydv,"mR8(m!\Kx@pMEu""r",Employee
rbeckmanndw,fO9@e2Wmg&F/N,Admin
kkurtdx,uE6{RIRL~nz,Employee
qfentemdy,"oA5)e)'xyML.I@,",Admin
sbenforddz,eC2`t(YO3$|U,Admin
pbausore0,hB0~6D2}uymp_@=,Admin
mbinniee1,wB4.Pz(0<J,Client
smelberte2,mX8>H6|}P&Q,Client
mboswelle3,iI6_aSbS(vNC,Client
dcarvere4,mN2+#d|`6QiKu@,Employee
jramblee5,aP9{P*`$fkUM~k,Admin
ntrulockee6,sO7%#ca>,Client
cschwartze7,hQ0<~\%8r(1,Client
kjemisone8,"oC1`=t,rg}W#0dG",Employee
ljezarde9,zM4*IMjKy&1Tt,Client
jwinsperea,oV5?kCl|,Client
rbeevorseb,hV1!0<2J,Client
ddebenedettiec,pX0@OVt_CT4Vf,Admin
tlealleed,"fX2,s_Q(ead/",Employee
tdoerlingee,sW9*Zm9srQ\m,Employee
agerbief,oO7$4aBxNOWxR,Client
dmawereg,pI6%></}qMrc_t,Employee
ddelbouxeh,"jK5(L61_r_""",Client
azavattieriei,aT7\Tcb*HJQIJu,Admin
ehambridgeej,tN8+=d02(RxS6,Employee
nmccaskillek,xQ5\Y_i$IQ/,Employee
cmacginneyel,"yB5,.3_`o57I",Admin
cgarrityem,"tJ6<7=D""",Client
slicenceen,jH8%Fd\I{%|352',Admin
wbeazeeo,fE3{fvKU6N)s.,Employee
jdonnep,vY4)/Z?UG1#,Admin
epearmaneq,lL7*(_yZLM,Employee
hwinyarder,kG6`!oXi{m<H,Employee
vwoodrowes,"eY3#icp""'i&QiU=",Client
rfleget,oV8}Q&`fC8F9tjZi,Employee
bhaselleu,"bK0""ips(""s@u`D",Employee
mjeffsev,qT6%4T3)UKwrMjk,Admin
dmoorcraftew,kX2|f7)I>w#}5z,Client
pansellex,dC9%YCQf<7F'u,Client
calejandroey,hP0.E7.ayu4,Client
cdarintonez,jS2~fkRCdTUvK&3,Employee
cdonalsonf0,sO6}HC{@~wtUw,Client
chaycroftf1,bV4$grtt+,Employee
xlambollf2,uJ5{TW**4U!/>,Client
rlanawayf3,lO7*1Z$.*V$>M4,Admin
esavellf4,"gW2*u5mL""PjN$",Client
omacskeaganf5,"jS0*JH'4gbJ""",Admin
rmandresf6,iA6+0S!o(+5{,Employee
tfeldheimf7,lM4>kJptVS<()U,Client
ogrimblebyf8,aU2`v{wS,Admin
bwhawellf9,sU8'SUS$@m0Uzh,Employee
imurdyfa,mC6(|dEj+O$S,Admin
rwilmorefb,iK5=BV0',Employee
zkobelfc,gU4#s'i6xl,Admin
ikyddfd,"iZ1,B3'k",Client
dfilipponefe,"eP8*>lqvG""",Client
dmilstedff,gB4\*G~uY#Dw,Client
mblunsomfg,qC1*9H0~M>,Client
zcamamillfh,vI8(gn&?L(,Client
ajemisonfi,oI1/C=Qh&b,Admin
jdefewfj,bJ6\!?0goPZUr),Employee
hmargrettfk,mO4)Y~v5w\'2,Admin
lbampkinfl,aT0_K3Y=,Admin
claugierfm,zN8/n{h&Zt},Employee
ksemarkefn,bI3<c0nQ2{p~wf,Client
pcalleryfo,hW3=fn0O,Client
kbuschfp,wS1#j<O\kM.li)IZ,Client
lthurbyfq,sZ4}a+K+m,Admin
aborkettfr,"zL5,N}D{8yhII62",Client
jaddamsfs,yR4}=P_rYW/|vAr,Employee
tklugeft,yA6>hVvL,Employee
lcrosherfu,gM2!0L{p|N0Hzih,Client
cwhittekfv,fM0~3{}mYQ,Admin
cguicefw,"jI6,Hv(@j.$x|9yN",Admin
fmixonfx,kI5(XDs},Employee
searpfy,"rW0=},>=pf6ULu",Employee
hfaringtonfz,jL4>ug3F,Employee
kromagosag0,zT1/k`EtM\9,Employee
crosanderg1,gV0=Ll6.6,Client
aeltung2,"qH6(F""c&{#@!}K_v",Employee
odebruyneg3,"pZ6""aCevD7,DBb@$",Admin
mtomasg4,bR4~G|0aW2!Cr(L,Admin
mlogueg5,gD8'6go`8~dUD,Employee
gocrianeg6,"wG4""UFi{8z",Admin
zpiscotg7,iR3?<+n47qk<,Admin
mmerridayg8,uK0~ey$w'W|,Admin
lcamerellog9,aH3@bZBw$}_V9O/y,Employee
jprendevillega,wH3.r\rI#,Client
ititegb,"jE4,1{lu6Q#"".",Client
hkenwrightgc,mH1%XM@78{}d<,Employee
bhoodspethgd,pG8%y)r<QL?FGWV,Employee
tstandringe,wE2/HizL{,Employee
aastleygf,mV6|*Ah}pw,Employee
gshattockgg,xL0&m?nyjp,Client
kmcloughlingh,cS9*Q*jABm,Client
rlidgategi,iR6@A3xgkp,Admin
cstruangj,wZ8@W>#64~,Employee
ochilderhousegk,"bQ7/.>S,iIJJXJ",Admin
jhaydngl,"zP0(V""/XYyzt56",Employee
wliliegm,fB4<0'H3*,Employee
wgreyesgn,lM4*$9dnIB'~iGK8,Employee
lhorsleygo,"bP9_'`is_sQrg,fL",Employee
csibsongp,pA0&3FT>9@Y&P>,Client
lschlaggq,eU9.ZW=0BrA<!@2p,Client
jandreixgr,xJ5$F>2(r.,Client
frollingsongs,"jX0{l{1|""w>",Admin
jpopeleygt,xC0\*\Sk!RxP?=5B,Employee
ofrackiewiczgu,eY7}l_u|RT=7lH>,Employee
bvarlowgv,hB2@a\)f8|(tIUeT,Employee
skinviggw,vY6/mtl(h,Employee
lmclernongx,"fH4|YFE<,&&#>S",Employee
kquixleygy,zV9_aWvd)k%iT4,Client
ebrothertongz,xZ0@\lqPbq_~o5,Admin
cneashamh0,gU2%2mNy%HGN,Employee
tscandredh1,uU2@~h$jSP\,Employee
edaulbyh2,"rR1,`J<=2uE~",Admin
pbalmadierh3,sS3(M}cB%,Admin
rhesseh4,wI0(t&\k,Employee
jtallboyh5,jN4\DOm*N89,Employee
omeneyerh6,tI0>X%GRd&K|$m,Employee
alivezeyh7,jJ9_v'jtmiO_pc,Employee
nmourbeyh8,eR7=}.8v,Client
lpalekh9,"bF8}6_9*\n4L`m""L",Client
mlemmanbieha,sO2&TlnDy%Ji,Admin
gcordhb,oS9(vA<GA,Admin
nbuglasshc,yJ5%=t/Rk?jz\,Employee
aheidenhd,qO4+KzwO$R&6LiI,Employee
hpadillahe,"sR8&1jAX1NQMx@""",Employee
dsalmondhf,zB9(EH~V,Admin
aarmandhg,dE4@1AtpyaKu,Employee
ashoobridgehh,xC1_p2x?WDPwe8,Client
kgemsonhi,rP0/8LFX~)7uov,Employee
dmeadhj,gP9~@VEIJyq,Employee
rduncansonhk,bP3}vU@QGVq2u*J,Client
pharriothl,jB1$3m\ULYH,Employee
grichthm,nP0.uK>59V7$,Admin
cleveragehn,"sA5%8C{\uH~""2",Client
charrymanho,uR9&|E0b&0C<,Employee
cchiommientihp,qE3=gpvzv!,Employee
gsixsmithhq,iI5/4yl2i0{m2!),Client
thaswallhr,aS2)xSa?q#,Client
sgaineofenglandhs,mJ2?Sl&Vi,Admin
tmacallanht,nS8@*@HC8$1cp`,Client
mdrohunhu,fH0+OU#|RASw%,Client
bfrapehv,eZ7/T!#zF/8{A,Client
kkilloughhw,"lU3""Q~co<@|#Z",Client
bsparkhx,jV8&a{vH!,Employee
nstoodhy,fO5!3wBv(r}~M&v5,Admin
jtrimhz,"tN7,jyJDw2e",Client
lmcclellandi0,qE3}rE{l,Client
gpydcocki1,nK8|UdJL~+k10,Employee
sproschkei2,wE6>H#&S.V1?ya,Employee
hbearhami3,dT9?nenE`0YfZ3b9,Admin
vgonzalvoi4,vO4&a<UL,Employee
pyosselevitchi5,uZ2&kt3Gun,Employee
mhancoxi6,sJ7'5CwR}URibt,Admin
jperonei7,eM1}oO=}WLSj!,Admin
jtraylingi8,qU2>Y|FWr,Employee
jbricki9,fI3!~SYw,Client
rperegrineia,qO7$a3wi#,Employee
hheakib,"yW3&U{D?3}\""RG",Employee
rdehmic,"fU3\?~epSE7b""",Employee
mnowakid,fR6/bXpjg?zp,Admin
jfrottonie,wA5}u`|Ghr6W<,Admin
bbengoughif,"iB5""eLwBC#kt",Client
vplewsig,lA6`QSK28#w,Admin
bparsonsih,qT6_s.s|8vs{.aH,Client
ggoodsellii,pQ8{gK!Q4E\?@{,Client
cstarrsij,lM9!\*rY\u,Employee
rrobardleyik,kF6\k+vq{/\`,Employee
hgoodbanil,cH9<*I2GatzH6,Employee
cshaylerim,uX3=ik\7G@9HMI,Client
rwacklyin,sN1~{R?&x\w,Admin
llindebergio,"nF8""bYf1$tg>?8+=",Employee
cschlaghip,bD4@\%muS%g<Q/F},Admin
jbishoppiq,"uV9,yS#?4SV*",Employee
gsargintir,"kW8#,6f{Ied",Client
tbarkis,"pO7|xK""&<I~",Client
shuegettit,xI5{%mah+,Employee
mcourtoisiu,rW1+vujLepM,Client
bcucuzzaiv,"mK4%,>4p9zg$62$!",Client
oallainiw,oN0?W2yjc3<Hbm},Client
sackermanix,"bG9~{h`{Tef8S,~Z",Employee
ktiddiy,"jV9,I=OS",Client
risacssoniz,qN4~rc?z`r*PNJ,Employee
sprestiej0,"xU9%0p""AtO",Employee
ohesslej1,xC6*a5#'I3`cl~S,Admin
eflohardj2,jJ0/LDq<D,Client
tvandalej3,jW0|Fi_c,Admin
lclymoj4,dS8(<Tq=`,Employee
ebaterj5,"dB7`""5l!{.",Client
jragsdalej6,"iZ0+N&,9@h<6GQHt",Employee
etarrierj7,pF5\)!Es/TqJ}7X,Client
ccomiamj8,wA4$S%B\nH,Employee
ltiffinj9,"eC5_,+=8C`\",Employee
phadfieldja,sF3/gAie2ra,Employee
kpellerjb,bJ4>lT`$Oio*,Client
acrutjc,"bH2\""c@<a0",Employee
wbuckettjd,cC1|=ye1>,Employee
btatumje,"lR6%Q/2N""Ppwi\",Client
cshellidayjf,qF1??<Q5f/=%Lk,Client
lvarnejg,eH6`'o*x),Admin
uflewittjh,aQ4}U+?@,Client
fsheeranji,iK7{3lt41/}CP,Client
bpinyonjj,zY8.7&=t7},Client
nseamenjk,vM8_pzMcqROE2,Employee
stolefreejl,oA4`Ze7%j21b6U,Client
acropperjm,tQ7}xJW'LCnq,Admin
usurmanwellsjn,"mZ7+&I""(XlB8TihH",Admin
atolfreyjo,"vE1(hr5""2xo4",Employee
bstrodderjp,iT0)O?'2!#,Employee
bdemejq,"eX0,CMup1/<Z",Admin
kokejr,dY6+7``QZI=,Admin
thickissonjs,"gJ7""G@6NKjhK'&",Client
mgeffcockjt,oW8_|65x)P0Fq,Admin
bkynstonju,sM6<VB'%KBmMW,Client
clemarquisjv,oL2.>RuY_F2S#3T,Employee
gwoollettjw,"uO4""=c0gF",Admin
mmaudittjx,kU1<RG~fU9xCic,Client
adraudejy,nI9@'G5fjH88,Admin
jguinessjz,"nJ6<5""9M7i",Employee
jkumaark0,qE5>pXsq>I83,Admin
ltextonk1,uH9/e$Ha,Client
dgatlingk2,lI2=q==.V&G~V(/Y,Admin
ablomefieldk3,tY1$EpX(GNL,Client
sschwandenk4,nU7=43&!L,Client
gharvettk5,"xW2%&fL0s""hf",Client
pgullickk6,"tM0""|+?|",Client
elebarreek7,"jJ9}M$,""VJBGpE/!",Client
gbidwellk8,"tY6&""&aRdOY",Employee
jmccomiskeyk9,iN6!jPMLVGYU,Admin
afleaka,sM7>Oj6Y`y%4,Client
aolekkb,jW4\NY|(z,Employee
hcoltankc,cB5&>bvB&X=yn>,Employee
hdrankd,hT8<7+T)ud@<~,Admin
sflaunderske,pA0\{?tnix~=<w7c,Employee
jjilkeskf,"uE8|,""W&!CNIfvl",Client
lhardernkg,gQ8{B!Vku,Admin
abrothwellkh,yY3$T{K1l1,Employee
gpinnki,cZ7\\JIi,Employee
rtoderikj,"kN9@CE""sQ0",Client
mcrutchfieldkk,uN7=w*64l*~%E!/,Admin
mgrishmanovkl,"eY7""gLgO",Admin
cdowzellkm,xR4%{t(zysyT0sn,Employee
lpashenkn,eO0{.BS/ovevwH,Employee
gkeyselko,"gE3#S/fK_""lU",Admin
gdecourtkp,rX0_S/V!o+,Employee
hkrikoriankq,"qS7)bp""Pi~",Admin
tgrigautkr,hI9'z8F&W`h'd,Admin
sgerrietsks,iZ1~WhH+x5x,Employee
pattrilkt,jI2&Q+0%GiWCce,Client
jbreakspearku,zH7%VP0Ctxu{%,Client
gughinikv,"xC8~_U(hi8,\FV*",Admin
lconwskw,"uU2`Y!CLmr!vY""",Client
bshemwellkx,cK5@w<hteJ4!,Client
lcoltartky,mM1@sog_W,Employee
cdilliwaykz,"pX8<_c""6<#",Client
amilsonl0,xO5##2Q{,Client
lyantsevl1,hM1=wQE_TU,Admin
dwickrathl2,wD3<z0xc7,Employee
esmalmanl3,yL8&4%svX,Admin
cmelmorel4,"fO5,Q$hR4R`",Client
dfranssenil5,"sH6""iO5>kt1w",Client
brodolfil6,lV9\qc_@9m'RYOZN,Admin
rcashfordl7,"fR4""J,}?{'oBn",Admin
fgarmentl8,gP6+P{B0_,Employee
omurnamel9,"lX9""c\jtraulp3",Client
eratterla,zE6#zDc<ly`u5<,Employee
bjornlb,vF4<5xm%3z<5l,Admin
maldridgelc,iG2(`5aO1l,Client
lmadgewickld,oD2}xVd}/jL#z,Client
sshaddickle,pH5#b7&|\e)\kDIy,Employee
rmcclounanlf,aX2\?sT<gXhb,Employee
mlukehurstlg,qL5\BUyXEnc,Admin
cyakuntsovlh,dZ3>lH'w{aPp6t,Admin
jdiwellli,wS2!bLWk?e8A2R,Employee
eewolslj,"cU2,Xw_S2&'_L",Client
ymixterlk,aH9=p8ZI$we,Admin
pshrubbll,rL7<JHUj,Admin
cmalcolmsonlm,"iD7}frSsvWdFoOh,",Client
acratln,qF9&BKVcA|,Client
abeinincklo,dO5`>3K>\,Admin
hwandlp,jO4>6k*t,Admin
lhiomlq,kQ3/a`B)gx#<sw=#,Employee
hmeckifflr,wT9_C(<WLc47,Client
evannuccinils,sL1#mOqq0!r@{K2,Employee
fgrennanlt,vX2*4E|5=,Client
estooderslu,rA8\g>n80B,Employee
sborthwicklv,rK2`mmIzVU,Client
dvearncomblw,qK8?t8+Bymx6eSV4,Client
cliebmannlx,"fK9,6)&3x",Employee
tbrandsenly,qR3{q_tFB,Client
tspicklz,iZ2\gx5SbsA'S/,Admin
ndobererm0,nJ0$Zd+j!{Hgm,Employee
ldiglinm1,yZ2/35GKTl,Client
ctadmanm2,gE1%&.Ai,Client
olydiardm3,dA0?I8@\@X=K~JEb,Client
cdugaldm4,oH3#qFulsH|,Client
mjonasm5,oG9|Cg/8!JT=+l',Admin
mmaryskam6,bB3?Ppe7\3,Employee
othreadgoldm7,mL6~%Q9+L#i'H+ra,Admin
gbuckerfieldm8,"kQ7""1i_Kn/",Client
dranbym9,oM2(aBoaxF#O,Admin
wacumma,nK0')5386!Pc|,Client
hmcerlainemb,"dA6&iAi'XB""N",Admin
frobichonmc,rC0|`R|a,Admin
amaphammd,"eB6(OOi,",Admin
efeatherbieme,yA4%0kT$}<WE4,Employee
gfulkermf,dJ1{({`L%.,Admin
rpletmg,wZ1.&?U3jp,Employee
cvinasmh,"zJ5&7LRXT8`""0Yo",Employee
vgregorioumi,eP3'=P}V!xVMa,Employee
sjoskamj,nN0{JLl|5tV,Client
ncauntermk,oV5+GkzI=#~h2B,Employee
ccoffinml,qM4\xE+aBUz,Admin
fboschermm,"iH8+$/u&""T>ABJXu",Admin
svanarsdalemn,mL0+Ta3{=|}v,Client
mtorregianimo,sF5.n#pr8=Sv?,Admin
dparamormp,xM2.&m`},Admin
bgrenemq,tP9|r43Y(GNc,Employee
ygaimr,qZ8(B0VSS#RUXH,Admin
irodsonms,hF3$6th&Xa5X0X,Client
bloodymt,xI9{`@AN9)Bun,Admin
erodenborchmu,jN6_ud'g),Employee
yborgesmv,vI3@Lwx%g.&,Employee
cdmitrienkomw,wE7%7K#O,Admin
fisacssonmx,aY3|QZ)4=,Employee
erumseymy,eV5)=waDA07W|d2,Client
bchiesemz,vA2%J6M!i,Client
hmayberryn0,"qL3""acmHU",Client
mdalbeyn1,kY5<=*pPgNfT2U<7,Admin
pbenedickn2,uJ0<kj1YF*bqm,Client
bbadhamn3,xE7~_r4J,Client
lbastardn4,nO8{N(af6K*y,Employee
hdincken5,fM8/b=SslGZ{nj,Admin
hjotchamn6,jF5(#B3a,Employee
vcopplestonen7,jN8*F$cFk|cKc,Client
lshirlandn8,uI7&y5%q.I(5z.I,Client
vtomann9,mF1_FCoI32,Admin
mkileyna,"vJ0,gyJA{ufG}{T\",Employee
kshernocknb,dL9=21C{sHW,Admin
vmalchernc,jG4~Lof8/zHY22*,Admin
dmackettnd,pK2}PpPr3?lC/s9,Employee
mosbornene,rX9_TKY<d3.<,Admin
hmcorkillnf,pJ0<An4@K\ZblNf1,Admin
jaslamng,cV1&hkJK,Employee
ngiovanardinh,rL2&m(Shr()g,Admin
kgleavesni,kX4{E`H*}XulyI,Employee
dpedrocchinj,iT4@OJQ\(M,Admin
npetchenk,"fP2,>}=f$y6?b!",Client
bdignannl,iQ5$1!BZ,Employee
ptillotnm,iY2&H2U@t\{AZU,Employee
lskymenn,sG2<A9a`7F=,Client
eyeano,xX8!5eoGM~t!,Client
fianiellonp,zB0\/l%f,Admin
gruddellnq,pS0{Rf6WcNJfS,Client
dmacvanamynr,"xO3)P/v,R|#6.{",Employee
bberkns,wS0?J`0j9lfRf/$,Admin
ovasyukhinnt,lS3#CAO!QOq4aya,Employee
efinlaysonnu,yU7*W/lmKj>>J,Admin
mweekleynv,hQ0`Sju0eaD#,Client
tdelacostenw,hY4$.rW@=Y,Employee
pbruffnx,iV1+Dv*(./,Client
koglesbeeny,fF1*z$8NC$E*4O,Admin
hjacmarnz,dF9)>Z+vfc>q,Employee
ljeaycocko0,bC2%h1UhD&,Employee
smacgibbono1,nL1%ZZ\'J`S0O\=&,Admin
dedenso2,eI2}S~60fE~U=Wt,Admin
hderuggieroo3,aX6*4SiQ4_@K`fi,Admin
fallikero4,kT6}%KAAm,Admin
kfelteno5,aE9++FQqdIVWlfz,Employee
colerenshawo6,wP4.bc~c8kkg,Client
rjeanequino7,zI8?Kkk2~(l,Employee
clurcocko8,tJ7~z0D'`T32ppmF,Client
cleiboldo9,eP3?z`VoK,Employee
locahilloa,rV8>oxcT,Admin
mkernesob,fL0`sID@m2Y,Admin
chawkingoc,mM1<)23bVfSZ,Admin
menglefieldod,wF5)=.}x?HB0,Employee
rlescopoe,vY4!dLnQ,Client
tdearmanof,yF5{Ha))Uia>u!,Admin
acopcottog,yX3/L?AI9!}.,Admin
nreinhartoh,rP2!BI(6>rB>$X%,Client
mnassauoi,eI5\!h)6%&8Jt,Admin
egriegeroj,"bA5)vWuRm,",Client
ebickleok,yB6+)EyM3S8|,Admin
lmcphilemyol,cZ7#R5fAgYQlbu,Client
jbaldickom,aO3~nY\moMxdi,Employee
kpeltzeron,"vQ3),/81knn",Employee
ggaydenoo,jB5!{5!u2mmb,Admin
pjedrzejewiczop,"cW7""4~_5*",Employee
kdominettioq,rA3'o6q8U#?m9%L,Employee
dboxallor,cW1<#11oJ8,Client
tsomerfieldos,sZ0+a!V0D+Rl+dWA,Client
lmeekingsot,"fV1$gL91D,fs=>c",Employee
obridgesou,mS1=.t<9>TBw'v,Admin
mmaciloryov,oL2&%j5XE+q>r}b,Admin
acoreyow,sB0+9Y1|4,Client
fjoslowox,oE0\b7p{soR,Admin
cwhitakeroy,"iG2""KH""?,YwaV9",Employee
ahedgesoz,xY7'wTk`U?<a2,Client
hmeenyp0,qD2%$i?iw,Employee
mbeanp1,"uS4,si`pV0p",Employee
agoulbornep2,tV1$zx+$,Admin
rmcgenisp3,"tE8""(YNhRztlz<",Client
hbeachemp4,mV1=<!t)=W,Employee
ahansonp5,"xR2,j)`5@\r+=",Client
bschoularp6,"lH9=H,gY.|",Client
anailp7,bZ3/j6B#,Admin
skainp8,sK1)mi8Rv6j,Employee
pleucharsp9,uO2\&10qq/v,Client
eliddallpa,hD1}ev\bWms,Admin
rleathleypb,pF1(e`)#'J{,Employee
klutenpc,bP8\1?iY3T5,Admin
caudaspd,jJ5\_)kARuRr_5rt,Admin
cfairspe,rV6}F5gu,Admin
mkorbapf,tZ0%xibO3GUXPv,Employee
qfreddipg,bI5\hL1'/W?9TP,Client
ggummoeph,tI0'&p+R,Employee
mvalettpi,"yO4""@g=G*I2H",Client
vbutnerpj,fD8+bAGh#xYs{K*(,Client
esemoninpk,fC0|7/$R)Cob,Admin
ebrewsterpl,"sD1,=Cemub",Client
ccowtherdpm,fW9+H3C1e4!,Employee
edurwardpn,hX9}QdbGnzy,Client
dwhitmanpo,qC4?sJZ?6DPA,Employee
rshalespp,vO9?'yopw8VYqgA,Admin
rallibonpq,"xL7'6zVI""eDn",Admin
rdinningtonpr,tS3$aZ!B6)AnZ_Oi,Admin
apigneyps,"oK1,y?WAJkd.$\",Client
smcmeekinpt,zO5%qnPJ,Employee
mtiltepu,fI6>krC!YV=6f6,Admin
skrebspv,dB6}Sj4e,Employee
ubrehenypw,aA0/eHMU{,Admin
jcampellipx,tD3~PgSf5|$KOKf3,Admin
dembletonpy,"qP1@""alEj+@D""",Admin
jchastandpz,gF2?nx{UaTo2,Admin
pveryardq0,rP8%2*sk&f43RM,Client
dbedellsq1,"fK7)!`Oz_,?G",Employee
ceuelsq2,zP4\3gUR,Admin
dboerdermanq3,oC5)(Vr1pNI,Employee
whowoodq4,"bQ2}AYO),",Employee
doutrightq5,uA5}LEQTECX(,Admin
skellittq6,rZ0~<3s#=(,Admin
zedgerleyq7,cQ7!I=z|sMh),Employee
ctallmanq8,iI6&b%~6m<e0`*xE,Client
aaylottq9,"vS1,0GWfDEhPA13|",Client
mlambisqa,uR0&JDNT)OxvSne,Admin
eenserqb,qX2)ZzTJA#,Client
kspadeckqc,hB9$PWQf\DAyf,Employee
dtrekerqd,bQ0&+5eCWGx,Admin
lburrisqe,"mF7*j!8,GgYN_2P",Employee
bfannerqf,"rS3+W,Bxk",Admin
rrosenkrancqg,zO7<ORo+~je6C,Employee
wpulverqh,lI6_/>oc~&ohy6QD,Admin
cfengeqi,"gN4""RjOvf!oj5XiW",Admin
jlanganqj,pY9~sI{ZYv,Client
rcordeletteqk,"sM3<""tDURP3lAO",Employee
bbulfitql,rM3$*PF_{8,Employee
kfellgateqm,aI9*O`)NqQH,Client
celpheyqn,xP2*Sfd~VDoijkK,Client
jpinkeqo,tL3>C%@fk5mCsD,Client
dkilmaryqp,mO2#x}MsbF$#Pde>,Employee
kmoulsterqq,"xQ9#,jV'OAw",Admin
wbrentonqr,lZ0=twy4,Admin
egodfreeqs,oC4_38tPx,Admin
ldalliganqt,"wS0_Yi""~z",Admin
ecarwithenqu,uJ1(9AdmdKB8r*,Admin
mmattocksqv,aC4\2ve8cE|=j4,Admin
ascrannyqw,"qK8|6E_,@S<htW!",Employee
ccreiganqx,kZ0(OkH1Vj?,Employee
nsheachqy,"dD8)rV,\",Client
dsiemianowiczqz,hV2>.+#/mygQ,Employee
sglazyerr0,hC3}2`yr,Admin
mbroadfootr1,lO3!5!)iGrFZ,Admin
ocobbledr2,gF8''&3!DsI0`jsc,Admin
jwoofendellr3,iO2|j&y}u2k~,Client
ekitsr4,yK9#APB}WzF#@A,Employee
sfyallr5,dC6!16azg_Q*,Admin
cpetrassor6,vC4{Jtp},Admin
elotheanr7,pL4\<'P7/wAiVM4,Admin
padamr8,"gW8""{M_*D8}S""OW?",Admin
nbridgerr9,qV3|F2Z@})*,Client
wwaycottra,yT9>_s|k,Employee
hpolinirb,gQ7<YRWIRYCSQy5w,Client
chamblyrc,wN8+Con</aJ>U,Client
romondrd,nA9.anD7,Client
ehitchensre,"hS0=7.,UR0F+\V",Employee
tlorenzorf,"sO3%Np,dFb<?kWPw",Employee
dhuddrg,lR5{6*b=SUK{6,Admin
zlegierrh,jA5{Sf(8tfbUq4,Employee
jtrewhellari,"yG0""Z$BpuA",Client
emckintoshrj,eH1@z\GxQc,Admin
emulrooneyrk,"fP8,aiZd@PL",Employee
gkenrackrl,lI1&TIxqPS%o,Admin
avanvelderm,cJ6&/Gx4u4,Employee
pburganern,gH8_?ve.&p!V.z,Employee
gleehanero,gC7(O~_/KD1c,Client
mtawserp,zB8)Y%Q<!lBC/2=,Client
gbirkinshawrq,pT7$V&k/dMT}aXk,Client
jdahillrr,oF3@WCpqfY'ZfP,Client

si,si,Admin
so,so,Client
