Usuarios,Contraseñas
afattore0,xK9`0}pLDMv
ribell1,jB1_KCxq.r1Hj
bolczyk2,lX7.KV)D#
thush3,bJ1'&e~`%D0
gcheverton4,"mA9,6b%IDiP"
bmcdermott5,"qL5%YH5Z)V""_Wt"
zwherry6,gK5&b8Za9
smaberley7,jG8)am2NjRn
hratke8,uA1#h@s4=j(Ia
dgreve9,nP4|9{fG
bmorriartya,pF3$s@JD/
jcollieb,qY7)H)LR
lrichfordc,"jB5~E#y}z""R_N'f+"
pcescod,mX2!.X|03CT#Gu)
rfrostdickee,cO5`%f/%xLV
dlindenboimf,hV7&S.gj)/
mdrabbleg,oQ6(/yfhZ*@`
zfurnivalh,gC1>PWFkqTs
mstillei,oJ0#NdszIp`/uC
osharmaj,gO9(pX6tUjRYr
jdeinertk,yB0=('78QNy.z
bbaudinellil,"sE8#0,$?9np7"
mstansfieldm,tS8.Dd>XazWm/n
pshearmurn,kR7&KmAa#RN
mfouxo,uW7**=BL6RRV
sarnaudip,oM2}}KQ_>HUf5c
pdanbyeq,qO5?=19Kw#BlL/
dtipperr,aR9~UtKSvn&
mcowes,sD5_sxdF
vmarusyakt,tX2|B$`as7
utollettu,"bP3""E<*(b|6"
cshildrickv,gD3<Dwzv0*M
wfelderw,"jS6{YDLB$Dy$,~PB"
chanlonx,"eE2@GFO,y6Wln"
aiannuzzelliy,tK1!@Bir
iluttgerz,lT7)&UtEer
rdargie10,"gA3~'pA\""$5Fz"
mcross11,dS9/{i.ll*r
rgurery12,"hW8/`PpZ,W&u1"
cblagdon13,xV7@B<SwY>8U|4
jdelacoste14,vU3}R9qNJNGx{#v
adominiak15,lD3*@<\ZW5gz
mjoskowitz16,fJ1*HGp#$?
rdeddum17,"nH3#f""pU)d"
jburel18,eG9\!\4#/
ocoolican19,aK7?#j(.EAb6
repiscopi1a,vV6%8mMHz5
nburgyn1b,sC5=ccP)
mpacht1c,eQ8$x.BORbG=P&g
kweed1d,jV9'pI$*n_
rspary1e,wE5@gTf2h&v8zJ
fsanches1f,iI9@}CYY
swake1g,gZ2%{f>e#i
divushkin1h,cD8&Bb*`H61SX
cweitzel1i,"vP9*.,2\(UgX"
kreitenbach1j,wL1`sZ|B
dbarwood1k,oR4?aKz4*
lmeeland1l,pB6$63~6UVE
bdabnor1m,jY7\xrbxLdA|
cbortolutti1n,yK6}<vP?fGGK5Pat
kmedlen1o,gV2'h{`q/y%)*$?
vwoolen1p,uO8*h`T{h&SxdFX8
akenna1q,eZ0{AZhM%+0z*g82
fcunradi1r,iT7@+HN*L{Nlm
sspores1s,rG7>.C{B=)t?
klascell1t,wP1?nDU_flx_v~=*
lmoorerud1u,"yA4%Z%)|,"
byantsev1v,fW8(z?>+TL{i
skyngdon1w,tM8'XfEv!VpJ
fbeverstock1x,yE8'ojWY&T*h
nprettyjohn1y,wM4*D9<CC
mspurway1z,eZ3$eqz0&z
owickstead20,fA6_K(=ce~
atynan21,cX7|#hhLc'
wgambrell22,"gO0~}<d\fH3,&h2"
hburchard23,eU9_2QPllib
bdavydkov24,iO7>%Qea8l&7mx.
semanueli25,xB4&T`\vOORO~D8t
fcondy26,vS3{gtU7>
vmeharry27,pR7`'~|Z>WqYq`NO
kegell28,"zT3.h6""""S"
amainstone29,yP7!8OicD#W4Oq
ddunbleton2a,xQ7/)i{vg1R+#Wou
dritchman2b,xM6_%QppI2`
kscutchin2c,"vX8""UHw7""/GT"
istennes2d,pK5}gkC(%P8Z
lrosle2e,yH9%=97Ma)B|42_
phinstridge2f,oA4}mPCc
tvivians2g,bZ6#QjFVG<vY&h
redler2h,"rJ3\RMr""JW$RKT\/"
wlydford2i,kL9\JMUa
cyaakov2j,"rP8@Z,k,avWh&'"
ibirkwood2k,fM4$Q~zT$UW_+
ocosgrive2l,"vS0~4,J74gfU,"
rkernermann2m,nM3.('hDy(3vB1
cjohananov2n,iE2<OLpK!
prozycki2o,"pT0%*8f=M3,Gfh"
glivermore2p,yG5`wyaXk
mjuorio2q,cV4{}JIx<W_
fkohrsen2r,"mD2(0oS2""uRrJ"
jgodman2s,cL0~h4$eZn
tpawelec2t,"eQ0""_?tk"
gakers2u,nE5<vp3|c3014Rbe
hweaben2v,vL9)rW*?.A
ysline2w,"mX2""G9f`x,oO$=tI"
crounds2x,"kW0%x+#W""T\n~M"
cgosswell2y,aN9`e5>N?dQ
kbonifant2z,uX6!F2ot#r
mcurrin30,tJ9+<Zn*MFV
rjanuszewicz31,jI9&bk>d\5q!E?
kerridge32,"dI8""Q.XVw!"
tmabbott33,bR8|_&J@&Bp}
fbackson34,eS0@J2>a_
dolenchikov35,nC8~a{!&$gP
pskelbeck36,"uA4(cQ,aP+R?er"
ccarlet37,"hP6!B""=,F0=="
jbrashaw38,cZ1#*k~r{L4tZoA
hallinson39,iG7>+XS70.@)!K{{
dmuldowney3a,"oT2$d(kg,MLf"
sdafforne3b,vY9'B9dT
ptitlow3c,mB2~KBJnu
mmulholland3d,kH6*GxlxsHU
bhammerich3e,wM8$NY?NnZVD_F0P
gsemper3f,uB5}VLaw7d%zW
draine3g,"aZ1+F,bVz""/t"
mfromont3h,"zM7*BDB,D2QQF"
znehl3i,"lM2,vE)e"
sthouless3j,kB1!dIyu&`y
agrinyakin3k,gI4!Oq8g+}IJ4%H
bbrood3l,dE9('=}13
sotham3m,"dM7,&kgQYlUGD"
pillingsworth3n,gI7{*c=ac0W|
gdurdle3o,pC8?++Tb5V
hbrognot3p,zP7%ZVMCkt~B\
pmacer3q,tU4*sn~kGT&q
ppuddefoot3r,jD6%>2|Q
cwilden3s,qB9=_nw0{5LJ~
llenaghen3t,lO2{tN!>
epaynter3u,oI5@63E=%kij
mchazerand3v,dM9*`Af7_
hjelly3w,oZ1%c&@Hf?
amckomb3x,pH6#Jwb+DP`z8X
kpeaker3y,wH1|9>%Nk
owallworth3z,yE9*ffPSek~SB
jwickes40,oH2*?{)Y{.p<?c
cmcadam41,wL2%zr_ytdb7Z{
rgaye42,"iX1#_m$I{""G58B/e"
nmorales43,jL9+.NnW4
cgiraldo44,dU0>XcA'?K2bWRH
jkeppy45,vS3)t13hp7Jl
gmahomet46,"lY0!1@,P~3I@>*"
vkruszelnicki47,"iY6~A,vQzZXwo"
aleclercq48,jE6`R8DDE
rmcbrady49,kF5=ahyO<`qSfvMW
rgealy4a,wO4!8\>ce
mseelbach4b,"oM8,}zWXVh5d`Ov"
bcormack4c,"mG3,u5H977,U7_`!"
eloude4d,rF2$VD{N2y
kgove4e,dA0+S#qJUl}0c
ccourtonne4f,jK6{{RO`T%_KHd
droscher4g,wA6_=.RMIJ
mologan4h,yB7/tE4!zN1<q
rcattonnet4i,pS0/()14v!=<<?
ghallowes4j,oD9'Ms+Un0b)l
hbortolussi4k,eK4#o4>TyCAG3rg
lnerne4l,tH7?F57S
jtutchener4m,vC6)?}#>R
rdecopeman4n,zE5|H(n(YVD>c
esqueers4o,kA1|*LOT7o>B%rYE
ochilvers4p,wH0_'zvPVR
lhearon4q,jU5+9+=1OBp%}*
dcamock4r,sX5+3?Yizh
cvideler4s,jA0>6a3k=hQ
gdreelan4t,gM2`gI~c}n=K}iS
vvedenisov4u,aH7/?fP8
dguion4v,"yX6+t(,ii"
mvoyce4w,"kG1|g""Uyx"
sellerman4x,aZ2?*vL3%d
bbrisco4y,wY3?SbnB)MkMi}hc
nchatell4z,jK6~H1nn_
dbrann50,"kP3%qlaoL,D,>`U"
egowanlock51,dC8/*uxR=$GByG
esmallman52,nE6`1np6E
jrosenschein53,zZ1)T2N/uk/
ecarwithan54,aA3~#2V)?`AdLd>O
gvogele55,"aI0""G|{X6vg`"
amarfe56,zU7<4#`$O+)~8xC
kstoneham57,jF6<i8@sq_9@KIDK
bainger58,"sS6{ZzvO5>"""
hbartos59,"sZ0""HqquS"
rshewery5a,iB4{oLx1D
cblinckhorne5b,dL6_$O>F5
cwatton5c,"tF8/_9f1`v,c|q"
fmoors5d,kT9%6.rwwSaXV
rarnaudon5e,hM4=TLMu_ZTi
bswanborrow5f,"wY8+>{w,mnmP\U"
bparoni5g,fE5~F3&?1w0v>i
relven5h,xI6.{$acZSPNG?D
hbreewood5i,"rH2.Zg#,)+j08|or"
tgradley5j,gD6`)ozjGBC8|}g
csturmey5k,aD5?h\F\kN|kS
bduxbury5l,gN5!fu}~XC+>nG_P
amcreath5m,wB7>*Ry.CeoYC
dcookley5n,"iV4""_'+d{W+j"
msiverns5o,xJ0/sNwt\7'5jI'
biorizzo5p,iG2?E\zAU_
chowarth5q,pD0>i6q)(uSHV0m
rhollows5r,iL2~kkuvt30WG)
rmeynell5s,uJ2<Y3'v
nbehrend5t,iO4#o\&UP)V*9h
zlandells5u,"oH6|&rp,SZ|t1bk"
pfarlham5v,aK4$O/XY1
acoult5w,"oU4<""IMEKHLO"
klugg5x,oR2|8+l%e6`##
targyle5y,kO7=C8%hc{S)
msimonou5z,kC3&n=LC
jsteynor60,eR9\B=*AK2W2Fa
catty61,hP4?yFmB
esanbrook62,"yA5/53""0\}"
mlongmire63,uX1~7d9uH_z@
jbremen64,kH5{Q_%D`J95%~
twassell65,tS1@Z2Qv.t?JR6
mballe66,aI1|6_w=}?l\5Wk
skeegan67,sC8*ktvw|>3&W
kjudkin68,wX4~j_@*#c<Kdn
blebond69,aD4&Ja9d(2_6D
kcrates6a,"cZ7"",Eh8!U/mN|"
jtorrisi6b,"jX7*cHc1fpesZ/A"""
afobidge6c,fN0`y>2wp5K\DXr2
mramel6d,"fH0~_c%ZF,+5h6<R"
bgoretti6e,qS6)J)670r1DWVWd
bcullimore6f,jX2+cGgG`1yA=H
rsutheran6g,yA8=TdJl(o
kfowles6h,bQ3?\H%kF
pparmley6i,hB2`kUqRaWWc
lmetschke6j,"bK6'uVX8>,x"
hclubley6k,uF7+`CG)ssQ
mbellin6l,"gD3.SY&,"
kloach6m,mB1~lStec.>_FjX
rfilppetti6n,qS6+u(*!Eb'Hzg1=
tschuricht6o,"lG7{NSUP})""L"
flubman6p,hW9!Aey!}V.1dM/
jmuckian6q,aA3%gwhBejj$9h
wstiles6r,iO9'BXACiQ
lalesbrook6s,hX3*bFdHDra.g6
scarnell6t,qJ7_Pjk.qhT*61H
scopson6u,"bD6,ZF7V'G"
sleyninye6v,zD5<(uE72g
jlayson6w,"pJ9{/oF,Z"
alehrer6x,pU5'H%*ca
fbugbee6y,aN8_`~Q'4vUjso
aanfonsi6z,oE3>Jv$A|kKfgbWY
scrolly70,"cF8#M%x|zH0""B"
sbeevor71,"tT7@)B""IRGh"
fburt72,yK4$mkavqyZ
sthirlaway73,mB7=qd%`lQgxoSuT
mkelsey74,dB4~{4d7J`h=Zex/
rogrogane75,tN2{FZh#@
ltriebner76,uT6+J`7|k4
egibbs77,bZ8=Ro!ovim0mi>
wdocharty78,"kR3%,rC/"
kbrettel79,yN1'&cqWig+8
redwick7a,lT6\3%X%I
ngallant7b,uQ0$C|`M
ideas7c,sI7?L`t#Do0
drockcliffe7d,oY6%~Sj_gbYc>
mjubb7e,"tP6""oo9L9o|D5Z`'"
bkemmis7f,oR7?22q)Nhf
nmiddlemist7g,jW2)1utPlvKl3
tpinnell7h,iC9#cm690Uw
sparke7i,hG2#+f&Qr
rmccrie7j,"zQ5_UB,/Xo2w~"
vgiovannoni7k,aX7.C)UK`/p).
bizac7l,bM4{uSh9K2
btoppas7m,jM6+b*$PJn
ghenrionot7n,"bK9`m{,6b"
btomczykiewicz7o,"lS8$""}XC{7`,v"
aharpur7p,"bA8,cRzXDno"
blambourn7q,rJ6|.L+*~x/
msetchell7r,wP2&AHazf~LhIE*z
rwrigglesworth7s,iE9@aSys6
crouke7t,"uM4\""6w8$iqqS"
mwiltshear7u,"jK2!2iwXc(',M0"
cdavidow7v,qA8//lz#4<7EEy
dfaunch7w,gW6}|N9tJ_&+Pg
oolczyk7x,nB4'9rdgxygV
tibeson7y,"hN6'08XBI,eE%"
mpow7z,lQ1*&&ATi)+Zis
fsabbin80,tT8!tbVQHFV2J@
pcoultish81,"wD6'!,QsRP.a"
rgarm82,"cE4""kDlW"
pfoat83,oE1$1iv~1Uo}ZNv?
adurker84,iB9$@7q(F'#uy2
bcollick85,iC5.vYS5PX<*
gbilovus86,nT6&>V=H'
hnavein87,tB1$WuRS
iworlock88,tF2{N7<=j8#HV=7
rdowears89,pG6+jK8f5f%<
frodrig8a,fW3<!nkOKlTmS8)
sskechley8b,"tG3,TD{t7@vl"
tedlyn8c,"lU0}.""{qxy~Z"
alorain8d,xV9\YFXNW7!k`
gmccartney8e,"jA4~dVE,|+"
caspall8f,zC0_r@L`8</s{{I
tbrougham8g,dY0`vF&>Mu>o<M&w
bportugal8h,eS2(Hv}gkr<OP
bstoile8i,pM5/2/i6<)Nc/n
ggietz8j,hW9|m*X$}~M
havent8k,aF5<)V7!!MX
cdulake8l,mD5?C!GO673
yflett8m,"zR3,f=db2%\~1X.m"
mprayer8n,gO7@<aXnin
bdreakin8o,aE2?`XjoOiY.r
mclyma8p,oO9%*Z>@i
ctarge8q,vG8?dQ!%
sgrendon8r,jM3/eb*)@
kseally8s,"zF2_=PN"".k(zK#TX"
kgrcic8t,fY5(L=gx$R
rtodhunter8u,uI3/gBo5_LrK'xm
deliet8v,"hZ1(S?|>Zo!4""phr"
ahiland8w,hG3}qV55zeX
smcmeekin8x,"iW3=|hnBfB""rdYc"
pcourtney8y,vM8{GprbY
cspikeings8z,dK5_wq\(`6M
jyelding90,"uQ1\Mth""sD&T"
gpaoletti91,"cG2)IWS|""2"
twestmacott92,rD5>Qya/x\ACM
edowngate93,"sT1`YW{L%,"
ggreig94,oU4%6rNP5=|BmS
akellet95,"mE8,?6\+"
cstaner96,uC8.5O5qF
jkearey97,bC3`Uf>Eak$LlufM
tkhomishin98,tU5%9L&!KWp
cmullord99,uG2&yec#C8Hk=lG
jcasbourne9a,lN3}qvF%qA
amaccallion9b,cL1)ZChF
jhealy9c,"fY3""ihzvB+"
cpostan9d,qB9>N3jW%F
pchadwen9e,kY0_B%M!L&K
tmessum9f,mO0*Y\i0nH'xu
wlyburn9g,"wI0.w}?,sz#fK"
bphizackerly9h,"yJ5""zZkIh5tWgt"
ccoast9i,lN4%@6`>2n1wTjMQ
ddelap9j,oF2#oHsD3oG'
congin9k,bT3>N<mJ
gpamment9l,cG0>#?KA
lwyldbore9m,"zI9@$z.?e9j5""C7"
ghendin9n,rU2_sxpB
bauckland9o,"zU5>2""pngg1}O"
jkroon9p,xW6`yH%>
lmattaus9q,"iV2+_ber,+R!M=*"
bheninghem9r,lX8<b4cbE02P'lD
lfishpoole9s,oI6_JQOM?EL_`q
aflaxman9t,qN0|S)G9vCRb
abrenneke9u,gP8?}LS0
cdutnall9v,oG6{V{PK
ssellens9w,vY4>MZ3i3<nTyPT
dmorrad9x,aZ7=O50nCy.x
adorset9y,"jR2,}d,v'=qxD!"
adaubeny9z,gL3)I)F'%A#7\X
aiannoa0,"aA1_p,,=S"
fbayntona1,rQ7)_/ZqS49
kbeswicka2,pR2@7d99hBa$fD&
ctarquinioa3,yF4@p**Ma#VXn{x/
shawortha4,yX8=M+=SD
cmattiaccia5,tZ4}pG5qIf<PG
jostricha6,oS6!Pz}Z=hmCf9Y
afairburnea7,dX0<G1Yu8
abartomeua8,"vG0""YFk$RL<"
lstablesa9,xG9}CJ+hg?<BH9
vduckhamaa,tG7$nc_iQQIyHZsS
briccioneab,qC4(?%98vR402
nmoquinac,dA7&jJvPitbO/f
gcullimoread,cY9~~S@.1H
adiruggeroae,wK0~90f}aJHMmY
ccuolahanaf,lS0`67Uc3~JKo
mmaginotag,qP0_&nkqU2Hn
bdorbinah,"oD2&AQZjL2p,o?"
tmackinai,"jE2,#0R>$"
cgamilaj,lA1=/Vgs&
twoodhouseak,qC6?C_wDc?4
gmoringal,"nZ2>W@mi+t<Pz1,"
cganleyam,eZ0*c!UdWhh)
mthiemean,tL1`f?%9GW#Y
cgodlemanao,wI3&=?GiH2C9ge8
sbennettsap,rL4(stlM)d%P!Qs/
kthebeauaq,qG3_am)lZ
gstopsar,nT9_\rdJ)
rgreatreaxas,jN4`fQ_>|$b|+
adurningat,dD6`|d{)dW
mlerganau,qB0'%Pz3q|A#h$
rrobakav,"aK8`cX""4.LO#jl#"
pgiffordaw,yY8{b@C|l
xcollingax,"wQ2,6Tve9FU}CB"
pmawdittay,tK3=csXc
bheinekingaz,"wM4(VC?QKpf*,"
ngannicleffb0,lV8?ZOpq*qB2{
cpirtb1,yH9!%k$q@au1
chutsonb2,kE5(@$=I
dballardb3,iK9&@ZGp{0M`
mtruseb4,bJ5=iGr4S
pgawthorpeb5,hQ5(e10LyU11iw}
nsaunierb6,kA8%DNj9A!im/
sgraceyb7,cP6/o*MT
ranthillb8,yS3)Imp6Zzb8f}w
ooldcoteb9,oO1$.(ei8
wgyngyllba,"zL7""rJ/TW4R5Y="
lcasselsbb,bH7>fR)rk!mW{
stinniswoodbc,xF9=BGjQ&|g'*2
gbarrowcliffbd,jP5|MpYG#*wV
ryakunkinbe,tD2\E~z4KrBjdae
hbenittibf,"pI3)YGkmW%""neC"
chuntleybg,bC1.f>(9r<Y
wspikeingsbh,fS5)RarE!I=
astanmanbi,cJ1.h=bkwufbu
csampsonbj,xU8\@$39@
gbeardwoodbk,dK6>bGj8UUU
ataudevinbl,uD5=6~(rXY>gBw
imelmothbm,kL8'JNCZ#Q'2
hplankebn,gJ3<|.bS6'xpBl
saslumbo,mE1@83lZe
bpridhambp,"qW7""Ko/RZY)oE6"
zlebossebq,dM7&y>g_
cdanslowbr,hO4*GlA0(gv
rclearebs,bQ1*qtmn@#f
mbiddybt,vR4&o89c~
iwhybornbu,"uV6|P%3ww44,"
mhurworthbv,iH3)whwuvTha@r
csottellbw,uF2`oB3eYp{+G
brobartsbx,oP5~{s$M!T6H
sfedorchenkoby,"fC2@?yIc"""
tnibleybz,gQ6$uvbU
glebbernc0,xC9}2f>E$B
driddlesc1,"pI4%&FIIO}0NwC"""
kskogginsc2,vZ6)+sOU
dstegersc3,aX4%+W#&iz
mhillsc4,"kU5,I`=j``H,i"
kdalmanc5,vR6`ih#V
adebellc6,xG6{}|MG
rgriggc7,iI4.V@wiJYzt8
kconklingc8,wL5'0rYID
cpeealessc9,lW5$@Psp.{m.*0
nthomassonca,rL1+`%Q@
mbellecb,"kE4'""(G6"
cruckhardcc,"rM2""zh8Q."
awudelandcd,nU1<dt|R~&
apeterce,gZ4!vcU{UaI9P
bmckerncf,wQ0.smoPtTylK1@
sgummarycg,"dR9=Mh|9q.1o}""FZ"
eelleynech,yU8!@#0lj_~Ty@yC
tblundelci,vD3{/1\VYJ
dleasoncj,uH0%iLv)e~X&~X
bkovelmannck,hS9}td~#!zp!N&
gruggecl,"mJ1""OuHs2*`8"
mbagottcm,"kS7+X,*@FL#)"
lastcn,fT5%9UfyK&FipW7X
astenettco,zE9|Ajuz6ID
hmattiussicp,hV5~ZyPRM5mj@}
cgarlickecq,rS8?`66l
jviggarscr,wL3*D@c5
tguichardcs,xP5'PWf/9/V
tstoilect,uC1{Xs|xej
vglenistercu,"jT7?$|~Yk,"
hokennycv,bV6*V2ifb
finettcw,gU5$}De6XW?M4``
adeversoncx,xL4?%o|<(fA%z
mdechelettecy,yR0`?gHrkT3OoH
rbeloecz,jD9%_e1ZLSG<ox{
rlammertzd0,dD6*R'*!J$#i
cpratord1,"gK8?nn#"""
pconstantd2,"oW4""p{arp"
dpendleberyd3,zS4*Nu2ShnLQ_h
cilesd4,"uQ1,>ypdx'1XN{Z1"
hbyrthd5,qR8{uIV}
hsandilandd6,iP4|X1a{Cn<VoP<
vboded7,"tL6""ZO+vrVph"
finglesond8,dS6/=+uq0e|_zq%
rcocklingd9,hY9>uNn&CK
fbazekda,gU5}E\d`G
ramosdb,"rX8?s""\xkl0x"
glabusquieredc,xR5}7D{+re
dstrongdd,jB7=7o*f?*?3e
ehallande,wY5&u91G#)~
gmcelmurraydf,"jT7+pQZV""A+"
beynalddg,hQ4{Z|c29AuJ32
sloughrandh,rB0+tF6oH's*3NW&
cbromeheddi,"bS7""IG,1W,~h"
dmetsondj,tJ7#?9K<W?=)jn
achataignierdk,iI8)GQ_pV#=W$3'
mmcilwreathdl,dN0*Bh\Wg@%N
hgrunnilldm,eZ4!gmpOGp\
fthringdn,"jC9>e|QCr""Dr?"
bwatkinsondo,"mV3$v'H{!,BF"
ndortondp,cD1!GhlT=)_
ekiffindq,mB1*_BRuw
rerettdr,fE2@J)?\S
fmattheisds,kS2+0ry\
vbarenskidt,oG6.g5E?w~W
jmuckdu,gC8+|p{f
dfisbeydv,kH6~aY$1
jwesthoferdw,kS5*18%p+B=|&&
bfiddimandx,nV3@nv<7c?SA
pmatovicdy,lU7}ut_w|
pkedsliedz,hZ4*=PNmfn$+3Z+T
anevinsone0,xZ1!QNk8./&
klefevree1,hO2$LxJK7)<Q.$Q
gflippellie2,qV3\%&Lf)
aepgravee3,fI8>3lk6rW@>g)2`
ephelipeaue4,xK8~X(bf
khabblee5,uT8|qcT(
geliasene6,yH3{'jHC&rG
sduffete7,xX6{K+}Uy
bwellesleye8,"pC2*N""X|"
cseevioure9,kJ6*euYtoena
hearwakerea,"jL8(w#gFX0<|9,"
sderuggeroeb,pX1.=)J@!>jv6+
dgreevesonec,"oN9,A*hP8w?Pz=EK"
hgodballed,rS2`<j#lXv9|`
fsemmenceee,sK2`RvJ8GFJ
jwooderef,jS7<!asTIMI}T
aransteadeg,sC6|V&O!
csherburneh,eV3>iu8c6
pgeroldiniei,aW6$/G|@#Lk$N
gdunabieej,cX0~#t)/<WB72
ccorlettek,cB6$N%a0
alomaxel,pQ5*0I2Hr}}}
tdelcastelem,mX7.~?dHg
jweavingen,xL6\.I}kN
ldumphyeo,jY5%_(k5~|o
cgoodreadep,iF7+%%OM_0h!s
vchaggeq,xG5$R2H.
olorkinger,"kH7,>g2UeKirYsb'"
jvestes,oA2$4*DFP<0JvMv
ckemmishet,"jJ0""46+uLcfQ7"
jrhymeeu,gV4$)h<bI~S
jprofitev,"iW7*,\Sji#"
raikettew,tM2}MrKoH
hgwytherex,kN0%7D9E(+
pbrabantey,yU7~M/20|j
qmcsporrinez,uO0>ceD*wn3x=_+)
mstitsonf0,xQ7`n4YBc){
atrenouthf1,eO2.z$ogJ
odelongf2,nP7<&)XN%N8f?#
fbraveyf3,nP9<(MGAgr5E5hX
sbutertonf4,eF1{nqSkuemy
bnockallsf5,"qK7_1\9|W""Z"
pkellettf6,wD7((8_`L%._ijad
dlankhamf7,xM9/aFB)%
bscrimshawf8,"lD2""(0u~T"
tbluettf9,mE8|uW$J>}uGV<
srippingalefa,wK2#sY*/3wX?qf
pgyenesfb,gZ5*<5xa\'mB
cmccreedyfc,oV4$mONCyv>83494
nivanichevfd,"yX8+V_4J`xc""+"
bisaqfe,fW8!9CZeCyP7kN)
adrawmerff,aT1|SClP#Nb
jvearfg,"kI3/B""Mc"
cvillarfh,mK0`)+I@%gTd`4w
hlackmannfi,wY1`'H31DiT~)Z
scurnowfj,lF3{oL)cFKXG>@}
wdeemanfk,uY6)gxd2=
iblampeyfl,pM3<*HJS
alustedfm,mK1%h/aAbFWRi34
hmccutcheonfn,"wI6>""IVx5"
gdormonfo,fB6<5'5%|H!f(7
pcameratifp,hD7$`/Q1X'H{frV
gcoatesfq,"mS3,(lq?&w%iX%"
tbletsorfr,zW3(5)EO9un}YCx
bbrunonefs,hR7%r.Sg
bmcginlyft,"gT9>d""?jDi"
bbettamfu,"tD4\@'FN|{,Q+"
zstiantfv,rO6/+c@IA2K
momullanefw,dI0>rC#aX
nwanefx,"rD8""uS_)tKt"
rdearnleyfy,fZ6.>RVUT(wS0
bseppeyfz,cB6%Ks\#n`Er.
grobartg0,gI8!'1rtLz*wdt
sfliegg1,yZ5{g5pTe%(9R.@R
pwitardg2,rE1#j*JM
aluciusg3,wH2_@CzF
abloxlandg4,hA4=c|Mw~Ta
kbrindg5,gA0/pCPThzA
mlieberg6,mX4_QcEOU'U/n
kloughheadg7,gN4$CJnTjF*MpA
welyg8,dG2/uA>B=*P~
ebossinghamg9,jT2*YPqq4+a%s1U!
nberettaga,"oM3""cu4tQr9"
kjoderligb,iD7&M5by)98{)
ghammertongc,cV2)PU`/nP~yQ
sdeansgd,aS7<bq~okxq3L28S
eportailge,qM8($oSwsdJw.sp
cskillittgf,qC5%Fgg/rs#*Zv`
mburchardgg,nW3=W6ne1k28_F3K
vrichardesgh,xA7{jgd?YX%@U|
vallibonegi,"tY3.,0~b8"
ifillongj,aI3=zK@bg@Z<V>R
jjozefowiczgk,eG6&)=mx!@h
mkilleleygl,zF4~{rqw_4G
oolenanegm,pT6&@Lf/&pN
tcastanyergn,qS2!EiW@O
ttolussigo,"dS0}c%|jPh,wlon"
htondeurgp,"eQ6""U&L5PChvdZ"
jkidstonegq,wH3(!57t9tL>mn
lwraggegr,sW2?9Fop3fjJP
cframegs,jR6=Rx@z
jbedberrygt,sW9|w\=L.
tmontgomerygu,zE5=wm%EN*{a
hsteptowegv,hI9&C_B+.m
jpetrashkovgw,pZ3$!|GS*9#F73
sfockegx,rY3\eGq!
fdelleschigy,"dZ5)ZG\#,JgJ,B"
ckindredgz,dX8*Ij)v9s7
tsherwinh0,bX3|@r|nK6Xc
bgristhwaiteh1,jP7.13lNa=K+u_49
khuxtableh2,oY7=Wg!&sPG
sgarreltsh3,kQ6@#}Ln1aWhe@
uhrush4,"gG4=b,@d3*|/\xS9"
ddowtyh5,rN9\seJJ.e
rluppitth6,rU1(7?0qG>FmJ
dwisdomh7,fL8`o92pv2@31(d
sleftleyh8,"pM8,<#nEIIRgIN{"
csinkinsh9,cM1$bY!i'7.mIO>r
eaggetha,"oV0.1""MW=zt"
rfearnillhb,"gA6""bXR'#vy<4"
agossehc,"xK8%c""+_kbv.Q78"
vclementshd,aR0~{CVpd&R~
lshearnhe,aP7@5oKq5Ww{W
jbeshf,tM9<U~iWN\eH{
ilittlemorehg,vI9%8!cc4
zolagenhh,"aP9==gU}i""v7Es}"
dvargahi,aP2}0%h(Vkc
bgouldiehj,gX8_to`LegH@fjrh
mgrinhamhk,uF1%fx)N$Dd<9N
afaulkenerhl,lW7@'YT&*k9
lseddonhm,aE9~BE}l#W
rmacgrayhn,wL8@ajPUzmJjN
sshollho,rB6@Z\f#O4CK)b6}
lhouseagohp,"wQ9""*`S5!b1&uN"
jnortonhq,jE2#KD5K6?evOy6
einfantehr,"nH6'xq|,.""Em"
vrollinshawhs,oX1|M%ENEoh+E
pdanielkiewiczht,"wH6&!uU0""aC&\s"
esedgefieldhu,xE1?$5.VwC6~E'1
cmacneishhv,wM8/jD)Cb@
ocarrackhw,"fJ5+<Fcd\""$C"
fcaffreyhx,"tM8\2~p,Aph)"
satwoolhy,pA8$4>Jn755U+Uz
jsherarhz,xW1}E{\x|+
nsoaperi0,"lR1,eL*(RyNcKOB"
kmabeni1,hN7/&5RY$DK
rsturdeyi2,"eQ5&,)Vn"
jpeplayi3,"oX2""/}FA%y{K"
lleynaghi4,"zZ0|t3Wx"""
ldowtryi5,dY9/&r|21
tmalliai6,eY2>UXXaz(~l.*_
jgilhami7,yX1?Qr+@>FSV_1K_
lpaulsoni8,dC5@cX3p.aLa5
nlibrerosi9,hQ9|bHUJ
bmcmenamieia,uT7+i8UI?qWRgy5
jocarrollib,yV7~q!T{$.o{1H
gzambonic,qT6|v|0Oc
afinckeid,"eE2""e`HQE)6%j~2P"
gcroweie,dD6=V<zv
wtorrif,kK2'n>M#y1z
sfoltinig,gC5.qB|NMSIs>
lgarlicih,oT8)6DvH(x
ftrenbayii,lD7~ubQ'`\y{>|W+
hbeckeyij,cB7||y9b%=
gkemsonik,hM3@~askCd~SfEpX
fabrahamiil,pB9)>&YoPX
dfredeim,sS5{DQ?Z
cslefordin,jI3!zz>2{A
bmurrishio,"fS2}RgA,AH#DP="
poxborrowip,"pZ3`B,yw="""
emerriganiq,uS9(zB$`l
lkryzhovir,gD6<Q2c|R(S900
gsantois,bL6#7g/'MxqScM
jpitsallit,nO3&nk3z*B6VP~|
vandrioliiu,iV8~i)z~QQ8q
eswindellsiv,xE9&vH.7Kb+oH
jshillabeareiw,hR1>SmXFOfj>%ueO
cmackelworthix,bO1.Lrd5
tocaineiy,bU7@Z&G?UKI5
dbuckiz,"bZ3""517AII/h"
spawelekj0,"lQ2<@)eS*6Cv*9F"""
dchazottej1,vV9<PvRX
dbriscamj2,kI0<_vX&ku=
agoldiej3,rP9$*dL(ndECxjB
sbailyj4,eJ5`_14eD
ajanicj5,"dA6(JqkjacU,&2"
gvorleyj6,"uC6?|v,1r9""aUj1/"
dburdinj7,"mB5""97fR@>`b/.pT"
bstychj8,pX0}3@yi5ZK
mspikinsj9,tC6'z9G.(xp!dK?*
abannisterja,cC3$22q<lumyG
lapplinjb,yC2)HVEoI~zLo>{
sroblettjc,gZ6~l<(h!QjW?tN
ckitsonjd,"wV6\""b<0"
ehambrookje,fT5<_SvB<}_'&%G
eohrtjf,oO4%UnVUL=vMhO
candryushinjg,"xB4,!S.p"
dtomczynskijh,pW9}e$$cW
pwakesji,vR7_PlDJvjCs)#g
cdelafontjj,zD5/AVKq4eQ3`v
oionescojk,"iB6~Cz.""hT\v"
cmelanjl,jY1>U%aSPw
bmenguejm,wU9*CgO*N#jy
pconewjn,kH3%r+b0TfK&|g3E
jshellidayjo,hT4=eZx9
anotherjp,"gQ0""&Km8/Fq*),"
sbouzekjq,yB8)j5eO<T8uqe
gcolquetejr,hF0&S650t6Om.
edyshartjs,wM3@LX5*JFX2Vza&
hfinlowjt,uO9{v`g2i{qp~QpM
aberreclothju,"xW8"")r>2kOt"
glacasajv,kI5#wyg2v)C
pivicjw,"tQ8,zp7G%427#"
hpitkaithlyjx,"yC8,DG(6"
bpeertjy,kK9`2YXK.fN
xizakoffjz,iI8'|TOZZiry
olevayk0,oU2(0bYKGJt=(b
areink1,"qR4_,Ffk}.K'Bn0D"
djarryk2,fQ5\XL`jgvtLowsC
mmaneylawsk3,sQ3\R44uB_g43G
ejaggersk4,gS7}q?9+D}P1#GR
hcearleyk5,gG9+(z(QZ~$)
dkeemsk6,uE4@x#Fe
clenahank7,mG1<`9#F
tgladechek8,"sD4""J?aHbo9"
vudenk9,vH1$=RLe#.\Xi
thowsegoka,fJ0*FOnM|!Fz'
cranaghankb,"xO3&A69e""/C"
rwernhamkc,hZ9@~%aCHn
barmstrongkd,uK5?FAyf1|!WQ2
tshemeltke,uS6$(1M%}SLoF0Sz
tgiovanettikf,jT1)co5~qe)mI<D2
rcurmekg,wX7=iNOn@x0%PCh
cbeadlekh,rN6'o'VmK(MS
mbyforthki,pB9+JT#I
dbucknillkj,eH5@mJcq8Y
ehedgekk,lF3$tU\dc@3<
tyeuletkl,"qZ8@""1kXXjX"
bstrangkm,kV0{Q_@vduZ7`EO
esparkwellkn,dS8(h'ls4I${6D
aphetteplaceko,fQ2'!YAP@c}
mchristoflekp,kK0.G#y}#h1#EA
afyldeskq,"aI9!eu4,r&b"
gvondrachkr,xJ6`tx!Bi
lpearsonks,fH5'b_yVrIXz%uk
csivyerkt,"rF1#h+Tz,s3rZo"
cfallowku,fE5=_l`vw{6>*
elortzingkv,eJ2!h0jHn
rposselwhitekw,jD6|}31~gd
gmenpeskx,pS2@p|L#0{&>
gsimoesky,jA4)T49d
rhobsonkz,cS3`Ao.o{L
dbarnsl0,qM2#f3EGU<hDFL
faucottl1,rK0`IMewwAgffT8q
bmccomel2,tD0`eONnr5
heberleinl3,tU4}'Yq?q8
mmathonl4,cL6?0/K@metd
tantoniuttil5,lP3+pyxJ0vA#(''
nleighl6,mN1_I+lpi
lkleinplacl7,bW0'r6RI'
csheal8,tR0|&!.4y
rcoombel9,lQ9|EfChyS
nbuchamla,"pT6""?_fLMY*o"
ncolumlb,fB4@ZlopY)p0|?Y
lciccottinilc,bT9<.AvZ
kwildsmithld,fE7)YES)KKN(w
hstazikerle,"lA5<Tt/3R"",R<(Z"
lbarsbylf,cR5@N@.KBJ
tpeetlg,cR2`%Cs1@#e(
jbattmanlh,"kV9""phdErZ"
amagauranli,qT5#XSNL'uRtZ
cwilkersonlj,bD9/CcmDf3kQ+
bjammelk,dU7\'RDSCf
aaloigill,kA8+/}c8t/LW0?Du
dcarrolllm,uK5{Nz#k1Z/6M95y
eleminln,iI7\*`28ljN}4
cdebrokelo,wF6)$=D?qo0Au|
mharcelp,qD6~GoOb?L/yaOQ
dhofnerlq,"yS7/v!5R@FKhV)""."
lbutfieldlr,"bG9?$Vyk{z_,@"
sridholels,aE2&f7T\!F~u\
rdimitrovlt,rK1'2P<@|jrO.3Oj
lsharvillelu,uC1$VF9Bo9c8k8
rtannlv,rX0'&JGS2rg
ggaitonelw,fO5%3rT/#~P5
lsnoddinlx,qH0#6F}!
clapworthly,dD0|?.?&J`@t2
chazemanlz,kC6(h)Mr>Lep
nfrontczakm0,qV6%JdJM
sburganm1,"mC1(8""EPtF4#7U%C"
rfollowsm2,kE5#%(vs
ddeardsm3,xR8>h.iLPZ
lblydem4,zZ4|IJCd>5(
lshrimptonm5,wF6>cc?MXp1ywz
ctreadwellm6,"aX4?0Nln""IsoSIoN"
nwebbem7,"xU4*gx~lcE""Q"
tdeschleinm8,zI4\DF2ob|>
hedysonm9,tY9`+1TeD
hbessantma,tV5$JU$?GrgPlg
tlinnockmb,fU2_d'MJ_zo@8AKr
lwelchmc,"tK0??xg<n>x,x2>"
jdimatteomd,"yQ0,#gdu"
elittonme,fM6@)ALEq2g*{
pghidinimf,jO5_19%Gh
nwattersonmg,iD6{wkAHdL$nB
kaspallmh,"kQ6,DvOt&beW"
eheadonmi,jB9.tVJpgF'ln|e
kconnickmj,"vU7""|gk!"
rshillinglawmk,aL6<wUnLSy>ZRB=1
scoenraetsml,rP8`}c?Wz`%<hm<
dmcclurgmm,aQ9#0|b_=0'nL0
rdzenisenkamn,qW0<Mw<J\d'z>!
fornilsmo,cL5%)c?D|B.JZ
jfeitosamp,yZ7<Yn3R
nromaynmq,iT4`J7!E
tallsebrookmr,"eV7)CZ?Y,"
laureliusms,pJ4#c8T`fCN5{p=
fbescobymt,sI7<H/%`Wu
obattemu,nP3${~iIGq
amaccombemv,lT4>'>6/j
sburchettmw,wW9#(?P.f)ft#
mblaslmx,gK2!&!@W$@
fjurekmy,"eD1!(6,W%"
kbootlandmz,dQ4&J@mm
mdoldern0,"tZ0""1_UK7"
fperronen1,cW0*w1aI
cjuggingsn2,"yL6,Y|~MSFz(q)"
tmassimon3,mD3>Bda1~
ballcoatn4,cJ4|={6?>
kcrannisn5,cY9+'3?JkI
emorstattn6,"cE8$o9aK$Q!E"""
gofihilyn7,nG2'(Yp!Z0i
cclausn8,hU0.**xeJ
bemsdenn9,"zH3.m_,}"
draffna,hV7?%Q~VOdl~
rclashenb,nH4?3TJu3h
adinegesnc,qD1@*}CmY
rlauxnd,cM9<r=R`brp
lrabatne,gV1?/T@9@yJw
ccloughernf,dX3{o0b2\I%*
nhesbrookng,"mJ7}gf!D,<"
dmowsdillnh,hM0+R(mD'
kboutcherni,"xQ3?O4nO,)RH"
bverissimonj,wQ7&va1g(4.w>SVS
vsaynornk,jR0*tq6s9
wjanningnl,vZ6\nH6{!
vjirannm,lW1'<cxh)ryhO
tleadsnn,iM2%H998$B9+`
flotsno,nM7@eBI(V6g8O9`p
dchattertonnp,hH6{Ik7vip$S2c
jferrisnq,zB2&!6\&\
ksullandnr,iY2)ywyL?
sodempseyns,mZ0(>|uBN1ELwfdE
tfaasnt,tF7`3xzi8
glongmeadnu,"dF5,XLa?+c8a""90"
rmathivatnv,aN3%nUkrDi4|9
dmccurlyenw,dE4|\C>4L
tjindraceknx,mH0>p4=*WD#u
lheatlieny,hA0@ezzTVX1Ro6
bnisardnz,tM3<Y/&zPu
rduckelso0,cD6+}KLvG1
dsearleo1,nU6!y||HG
edurkero2,aQ1<'*(Gk
aguidio3,jO0)S==)4$#JSW
afardoeo4,"mT5<UzZR""?L7mZ?"
aastleso5,bM3!/7+L)YOA*$_Z
dhuckso6,vK0=TpTp>?0g.|#p
gtufto7,"mP9?0s5#7(lc|"""
fperriso8,vI7<3Aa@
mlomasneyo9,vH9.HuQA.Puc8Z._
mtirteoa,"yP2""?_c+83OI4}s"
wcastelainob,mU8#y=M%7
tbuglassoc,uU9$=b'?&ljls
fbabbeod,qV2&\LoKhe\
abigglestoneoe,pO6=/eK)/Kt
cjordisonof,jL9%4c8m!L
ajeckellog,yI3?V\'a
llabuschoh,jI0+}@vyT0+y
hkendrewoi,aQ7*u(mF
aalldredoj,aV1`WC7@$Vpo=gXj
omcjarrowok,hX1+%*#S.+?g+39V
echannerol,"bA5!rS0,\`"
drenalsom,fF0{MEAe$@Nj
cgrinsdaleon,pN7|1+LlsB{V6
glinnardoo,pJ4~Gd*g1iX/0k
ckilmurrayop,bQ9>TYNcau.Y97
mboissieuxoq,jP1|E*uT8z
ktilliardsor,"fZ3,cp\WH"
ehobbingos,"qG7)6*,ALX|j"
bbattisonot,eV4`8|ku$n
vrichtenou,wH4@psZS}q*'
fjoinsonov,qE5@G5OkP.wQK70
mbollerow,nA6$)45&K=O
cgoldspinkox,nN5)pv_G39(
nadderleyoy,fF5?gOZV}6zf3Qt5
cscobleoz,aA2!I'/Ko
lmaccaigp0,rA9{16_@dz(}}
lmousleyp1,bH4_rVA1GSJ
eogavenp2,eE4*4)}5
vcaulderp3,vM3*UHkakR
lsawleyp4,zK8/VlyV8<J+SMte
mplyp5,"bP1%%,(VO)+T&>3$"
hknevetp6,uE1(2h9YOOhVde
rhymersp7,vG3*{!c@
aisackep8,"qZ0&\_T,Hv"
mspinip9,zP1{_SHW$@2/&&l
mshepherdsonpa,wH0+x)AN7M3HN
mfitzgeraldpb,"hD1_(DO,D"""
cskittrealpc,jU4=#V`o79
sbompasspd,"pS3~(l3""8JUdGyJZ"
kaishpe,qH1?t_CGm0+fKSKw
vdormanpf,"hT9',ilG$23&"
lleyspg,gD6)n#U{Pe%b7rN'
orowburyph,vR8&{{py28mX)|
qcornelispi,kT3+PigXl`nIhc
asimminspj,"tO8,y8|%3B!VLn6h"
lmeadleypk,rO3=?x|c1
rbilampl,kQ0|9(<mSagAv`
elateypm,tJ6*9<\lI(_qv01
adungeypn,"fT6\L~3""A_ax9~?"
cbavidgepo,"rU8""p)9RWcaHxm/"
pwakehampp,lN6%1ARDUmDp
rartheypq,cA5<)l/Dchh2
cjepensenpr,"pU8"")T*""7Q?%o"
cnegrips,lL3>mJaw(
mmunginpt,mH1&OzO'9}T
cspibypu,gY7=yAXo\rJelQ*
ciacovonepv,wW6*rnwuaOx&p%
dguinnpw,iD7/M5R)d
mlistonpx,dT4<'hrQRrSv/
jruddypy,jP1$_WHeB6~M
tbeverpz,"gL8\Jz938ogWh,>="
mwolfendenq0,rL7/LOcMXT`
alocheadq1,"tQ3,f%(M6zBxm"
lbarwellq2,cB0=3!'@oNV<
acouzensq3,uD2(b!)3
hbaxstarq4,qT2|Yu>YusE
gbarnewellq5,iE2\Jk6r`q
gtannq6,bR2+ukZ_J
hjanningsq7,sZ6'06'6o~(nLSl
spenbarthyq8,eD9_ZIwuID9}
onanceq9,gD6/B!0D2?
ndannellqa,"zU9&@""Rz"
mbowsqb,dV6\WeT6i
lmanntschkeqc,gO4.B=crD
fcomrieqd,mC2%ehMag3F
eemblingqe,eE1!2WNe+@f
gculverhouseqf,vW6\0I63i>Q
jcancellarioqg,kQ2=pbe_Wm
ltommeoqh,mE1~zeJR#Lb
rgrayshanqi,"hS7\W,Gc\KKn2Wh"
ekopischqj,jH0'q.m*YoN3G!
smackilpatrickqk,eE9+RI&7U?Zg'e\
zcotherillql,nA9&ce+h
mokeqm,xI9\=`C6NS
emcgorleyqn,"mX6\k\aXU}b""Q6."
eislepqo,"rS2$=IQyb,"
awalliceqp,bX1(ooL&}`'
bgrishenkovqq,nW0!vx9k@ED
tparkeyqr,vH5$fE2<?6E`@X
ebaudichonqs,oV3?hF2tnHo
bclaceyqt,sX5?k|a6RmSx{Pxp
nspillingqu,fP8=mmGyk8cjw=
frosenblathqv,jS4\$Hk15JIs
rmucciqw,pU5@3W=fi
gpitkaithlyqx,gE0`mc\HuR>V`AE
mbackenqy,qS9`XOJt#8
clarrettqz,wQ8>5XrO'_A/B#kN
icouvetr0,fG6`>O3Z$
hguillotonr1,"lG2""*/B=""lM@"
kclampr2,xX8*>_((9}P|q{y}
nclooneyr3,zI5'X_j6Vs)7
jbaddeleyr4,wE7}g+s{i=sOkTo
twainerr5,gF3<XbkG~Ihc)_R
bshentonr6,qO0_pIxJ97
nalbonr7,sA6~bAOx`OU#!J
bcorradengor8,bO4#Fn*Huo/r
wriponr9,"cO1|T=6FA%,B"
cgremainra,lP7@d>1sW2sZEc
sdowntonrb,mP7/@b|%A
lraultrc,yL1{_HlAW
cleserrd,gN1&etsF7BLix
theaphyre,"uL8,t+teU=)`}L"
ntrapperf,"uW2{(~,/BISF*"
jgrishmanovrg,pG4_/RMH%
dvaynerh,xE5_SyL7_
wbenedictri,"hZ9+)96""""y&MOA"
letchinghamrj,rA4!hzXd
kbalasinrk,"fT4""+E1*Z%27tl$o"
aoshesnanrl,mW7$u*(+mzYQ=X50
emurreyrm,sD0!(#IQty/*
cpackern,rD7%n&>~b({
hbalesro,rZ5`c+LBiD?P'=
tdupreerp,"gN5'o)$>,EW66"
mkendrewrq,sI6.BE.Ur=r
berangeyrr,dB6+CBQntmd
